Location,Latitude,Longitude,Total Insured Value,Premium,PolicyYear,AtRisk,PML,Level of PML
1,19,-100.1,"290,874","2,644",1985,At High Risk,203612.0521,High
1,19,-100.1,"296,488","2,697",1986,At High Risk,207541.7647,High
1,19,-100.1,"301,944","2,751",1987,At High Risk,211360.5332,High
1,19,-100.1,"308,254","2,806",1988,At High Risk,215777.9684,High
1,19,-100.1,"313,433","2,862",1989,At High Risk,219403.0382,High
1,19,-100.1,"318,636","2,919",1990,At High Risk,223045.1287,High
1,19,-100.1,"326,315","2,977",1991,At High Risk,228420.5163,High
1,19,-100.1,"331,242","3,037",1992,At High Risk,231869.6661,High
1,19,-100.1,"336,443","3,098",1993,At High Risk,235510.0198,High
1,19,-100.1,"344,686","3,159",1994,At High Risk,241280.0153,High
1,19,-100.1,"352,303","3,223",1995,At High Risk,246612.3036,High
1,19,-100.1,"360,723","3,287",1996,At High Risk,252506.3377,High
1,19,-100.1,"367,577","3,353",1997,At High Risk,257303.9581,High
1,19,-100.1,"373,532","3,420",1998,At High Risk,261472.2822,High
1,19,-100.1,"381,525","3,488",1999,At High Risk,267067.7891,High
1,19,-100.1,"388,927","3,558",2000,At High Risk,272248.9042,High
1,19,-100.1,"397,872","3,629",2001,At High Risk,278510.629,High
1,19,-100.1,"405,790","3,702",2002,At High Risk,284052.9905,High
1,19,-100.1,"414,555","3,776",2003,At High Risk,290188.5351,High
1,19,-100.1,"424,629","3,851",2004,At High Risk,297240.1165,High
1,19,-100.1,"432,654","3,928",2005,At High Risk,302857.9547,High
1,19,-100.1,"440,485","4,007",2006,At High Risk,308339.6837,High
1,19,-100.1,"447,885","4,087",2007,At High Risk,313519.7904,High
1,19,-100.1,"454,604","4,169",2008,At High Risk,318222.5872,High
1,19,-100.1,"462,877","4,252",2009,At High Risk,324014.2383,High
1,19,-100.1,"472,552","4,337",2010,At High Risk,330786.1359,High
1,19,-100.1,"481,577","4,424",2011,At High Risk,337104.1511,High
1,19,-100.1,"490,631","4,513",2012,At High Risk,343441.7091,High
1,19,-100.1,"498,432","4,603",2013,At High Risk,348902.4323,High
1,19,-100.1,"507,354","4,695",2014,At High Risk,355147.7858,High
1,19,-100.1,"516,131","4,789",2015,At High Risk,361291.8425,High
1,19,-100.1,"527,538","4,884",2016,At High Risk,369276.3923,High
1,19,-100.1,"539,302","4,982",2017,At High Risk,377511.2558,High
1,19,-100.1,"549,387","5,082",2018,At High Risk,384570.7163,High
1,19,-100.1,"558,397","5,183",2019,At High Risk,390877.676,High
1,19,-100.1,"568,615","5,287",2020,At High Risk,398030.7375,High
1,19,-100.1,"579,021","5,393",2021,At High Risk,502615.484,High
2,7.2,-74.4,"259,184","1,970",1985,At Low Risk,116632.824,Medium
2,7.2,-74.4,"265,249","2,010",1986,At Low Risk,119362.0321,Medium
2,7.2,-74.4,"271,244","2,050",1987,At Low Risk,122059.614,Medium
2,7.2,-74.4,"277,781","2,091",1988,At Low Risk,125001.2507,Medium
2,7.2,-74.4,"283,864","2,133",1989,At Low Risk,127738.7781,Medium
2,7.2,-74.4,"289,002","2,175",1990,At Low Risk,130050.8499,Medium
2,7.2,-74.4,"295,967","2,219",1991,At Low Risk,133185.0754,Medium
2,7.2,-74.4,"301,649","2,263",1992,At Low Risk,135742.2289,Medium
2,7.2,-74.4,"306,717","2,308",1993,At Low Risk,138022.6983,Medium
2,7.2,-74.4,"311,379","2,355",1994,At Low Risk,166470.8455,Medium
2,7.2,-74.4,"317,825","2,402",1995,At Low Risk,143021.1407,Medium
2,7.2,-74.4,"325,135","2,450",1996,At Low Risk,146310.6269,Medium
2,7.2,-74.4,"330,987","2,499",1997,At Low Risk,148944.2182,Medium
2,7.2,-74.4,"338,501","2,549",1998,At Low Risk,152325.2519,Medium
2,7.2,-74.4,"346,625","2,600",1999,At Low Risk,155981.058,Medium
2,7.2,-74.4,"353,280","2,652",2000,At Low Risk,158975.8943,Medium
2,7.2,-74.4,"359,709","2,705",2001,At Low Risk,161869.2556,Medium
2,7.2,-74.4,"367,767","2,759",2002,At Low Risk,165495.1269,Medium
2,7.2,-74.4,"373,762","2,814",2003,At Low Risk,168192.6975,Medium
2,7.2,-74.4,"382,694","2,870",2004,At Low Risk,196612.4707,Medium
2,7.2,-74.4,"389,277","2,928",2005,At Low Risk,175174.558,Medium
2,7.2,-74.4,"396,907","2,986",2006,At Low Risk,178607.9793,Medium
2,7.2,-74.4,"403,416","3,046",2007,At Low Risk,181537.1502,Medium
2,7.2,-74.4,"412,735","3,107",2008,At Low Risk,185730.6583,Medium
2,7.2,-74.4,"419,173","3,169",2009,At Low Risk,188628.0566,Medium
2,7.2,-74.4,"425,671","3,232",2010,At Low Risk,191551.7915,Medium
2,7.2,-74.4,"436,185","3,297",2011,At Low Risk,196283.1207,Medium
2,7.2,-74.4,"443,949","3,363",2012,At Low Risk,199776.9603,Medium
2,7.2,-74.4,"452,561","3,430",2013,At Low Risk,203652.6333,Medium
2,7.2,-74.4,"462,156","3,499",2014,At Low Risk,207970.0691,Medium
2,7.2,-74.4,"470,243","3,569",2015,At Low Risk,211609.5454,Medium
2,7.2,-74.4,"478,191","3,640",2016,At Low Risk,215185.7467,Medium
2,7.2,-74.4,"488,806","3,713",2017,At Low Risk,219962.8702,Medium
2,7.2,-74.4,"498,143","3,787",2018,At Low Risk,224164.1611,Medium
2,7.2,-74.4,"508,703","3,863",2019,At Low Risk,228916.4413,Medium
2,7.2,-74.4,"520,759","3,940",2020,At Low Risk,234341.7609,Medium
2,7.2,-74.4,"529,352","4,019",2021,At Low Risk,238208.4,Medium
3,24.7,-77.8,"1,112,660","2,478",1985,At High Risk,778861.9232,High
3,24.7,-77.8,"1,139,364","2,528",1986,At High Risk,797554.6093,High
3,24.7,-77.8,"1,158,163","2,578",1987,At High Risk,810714.2604,High
3,24.7,-77.8,"1,183,180","2,630",1988,At High Risk,828225.6884,High
3,24.7,-77.8,"1,212,167","2,682",1989,At High Risk,848517.2178,High
3,24.7,-77.8,"1,237,987","2,736",1990,At High Risk,866590.6345,High
3,24.7,-77.8,"1,268,936","2,791",1991,At High Risk,888255.4004,High
3,24.7,-77.8,"1,293,681","2,846",1992,At High Risk,905576.3807,High
3,24.7,-77.8,"1,322,271","2,903",1993,At High Risk,925589.6187,High
3,24.7,-77.8,"1,347,923","2,961",1994,At High Risk,943546.0573,High
3,24.7,-77.8,"1,372,725","3,021",1995,At High Risk,960907.3047,High
3,24.7,-77.8,"1,393,865","3,081",1996,At High Risk,975705.2772,High
3,24.7,-77.8,"1,414,912","3,143",1997,At High Risk,990438.4269,High
3,24.7,-77.8,"1,447,172","3,206",1998,At High Risk,1013020.423,High
3,24.7,-77.8,"1,469,024","3,270",1999,At High Risk,1028317.031,High
3,24.7,-77.8,"1,504,869","3,335",2000,At High Risk,1053407.967,High
3,24.7,-77.8,"1,529,548","3,402",2001,At High Risk,1070683.858,High
3,24.7,-77.8,"1,556,163","3,470",2002,At High Risk,1089313.757,High
3,24.7,-77.8,"1,588,686","3,539",2003,At High Risk,1112080.414,High
3,24.7,-77.8,"1,619,189","3,610",2004,At High Risk,1133432.358,High
3,24.7,-77.8,"1,648,173","3,682",2005,At High Risk,1153720.797,High
3,24.7,-77.8,"1,677,675","3,756",2006,At High Risk,1174372.4,High
3,24.7,-77.8,"1,715,255","3,831",2007,At High Risk,1200678.341,High
3,24.7,-77.8,"1,756,592","3,908",2008,At High Risk,1229614.69,High
3,24.7,-77.8,"1,791,549","3,986",2009,At High Risk,1254084.022,High
3,24.7,-77.8,"1,820,572","4,065",2010,At High Risk,1274400.183,High
3,24.7,-77.8,"1,854,070","4,147",2011,At High Risk,1297849.146,High
3,24.7,-77.8,"1,894,118","4,230",2012,At High Risk,1325882.688,High
3,24.7,-77.8,"1,941,092","4,314",2013,At High Risk,1358764.579,High
3,24.7,-77.8,"1,975,838","4,401",2014,At High Risk,1383086.465,High
3,24.7,-77.8,"2,024,246","4,489",2015,At High Risk,1416972.083,High
3,24.7,-77.8,"2,061,087","4,578",2016,At High Risk,1442760.975,High
3,24.7,-77.8,"2,111,790","4,670",2017,At High Risk,1478252.895,High
3,24.7,-77.8,"2,156,982","4,763",2018,At High Risk,1509887.507,High
3,24.7,-77.8,"2,200,985","4,859",2019,At High Risk,1540689.212,High
3,24.7,-77.8,"2,245,665","4,956",2020,At High Risk,1571965.203,High
3,24.7,-77.8,"2,291,027","5,055",2021,At High Risk,1603718.9,High
4,40.5,-122.3,"321,356","1,861",1985,Safe,32135.60519,Low
4,40.5,-122.3,"328,458","1,898",1986,Safe,32845.80207,Low
4,40.5,-122.3,"335,618","1,936",1987,Safe,33561.84055,Low
4,40.5,-122.3,"341,055","1,975",1988,Safe,34105.54237,Low
4,40.5,-122.3,"347,058","2,014",1989,Safe,34705.79991,Low
4,40.5,-122.3,"353,548","2,054",1990,Safe,35354.79837,Low
4,40.5,-122.3,"359,417","2,096",1991,Safe,35941.68802,Low
4,40.5,-122.3,"367,935","2,137",1992,Safe,36793.50603,Low
4,40.5,-122.3,"375,294","2,180",1993,Safe,37529.37615,Low
4,40.5,-122.3,"381,036","2,224",1994,Safe,38103.57561,Low
4,40.5,-122.3,"388,656","2,268",1995,Safe,121124.5296,Low
4,40.5,-122.3,"397,090","2,314",1996,Safe,39709.03166,Low
4,40.5,-122.3,"406,898","2,360",1997,Safe,40689.84474,Low
4,40.5,-122.3,"416,908","2,407",1998,Safe,41690.81492,Low
4,40.5,-122.3,"425,872","2,455",1999,Safe,42587.16744,Low
4,40.5,-122.3,"435,113","2,504",2000,Safe,43511.30898,Low
4,40.5,-122.3,"442,249","2,554",2001,Safe,44224.89444,Low
4,40.5,-122.3,"452,111","2,606",2002,Safe,45211.10959,Low
4,40.5,-122.3,"463,052","2,658",2003,Safe,188690.732,Medium
4,40.5,-122.3,"473,934","2,711",2004,Safe,47393.39108,Low
4,40.5,-122.3,"481,706","2,765",2005,Safe,48170.64269,Low
4,40.5,-122.3,"490,040","2,820",2006,Safe,49003.99481,Low
4,40.5,-122.3,"499,890","2,877",2007,Safe,49988.9751,Low
4,40.5,-122.3,"511,887","2,934",2008,Safe,51188.71051,Low
4,40.5,-122.3,"520,538","2,993",2009,Safe,52053.79971,Low
4,40.5,-122.3,"530,376","3,053",2010,Safe,53037.61653,Low
4,40.5,-122.3,"541,355","3,114",2011,Safe,54135.49519,Low
4,40.5,-122.3,"549,908","3,176",2012,Safe,54990.83602,Low
4,40.5,-122.3,"561,236","3,240",2013,Safe,56123.64724,Low
4,40.5,-122.3,"574,369","3,304",2014,Safe,57436.94058,Low
4,40.5,-122.3,"587,006","3,370",2015,Safe,58700.55328,Low
4,40.5,-122.3,"601,094","3,438",2016,Safe,60109.36655,Low
4,40.5,-122.3,"614,318","3,507",2017,Safe,61431.77262,Low
4,40.5,-122.3,"626,788","3,577",2018,Safe,216754.15,Medium
4,40.5,-122.3,"641,957","3,648",2019,Safe,64195.66547,Low
4,40.5,-122.3,"652,292","3,721",2020,Safe,65229.21569,Low
4,40.5,-122.3,"665,338","3,796",2021,Safe,66533.8,Low
5,29.6,-81.3,"958,066","10,316",1985,At High Risk,670646.258,High
5,29.6,-81.3,"973,874","10,522",1986,At High Risk,681711.9213,High
5,29.6,-81.3,"994,326","10,732",1987,At High Risk,696027.8716,High
5,29.6,-81.3,"1,013,516","10,947",1988,At High Risk,709461.2096,High
5,29.6,-81.3,"1,032,063","11,166",1989,At High Risk,722444.3497,High
5,29.6,-81.3,"1,051,879","11,389",1990,At High Risk,736315.2812,High
5,29.6,-81.3,"1,071,865","11,617",1991,At High Risk,750305.2715,High
5,29.6,-81.3,"1,092,766","11,850",1992,At High Risk,764936.2243,High
5,29.6,-81.3,"1,110,687","12,087",1993,At High Risk,777481.1784,High
5,29.6,-81.3,"1,133,234","12,328",1994,At High Risk,793264.0463,High
5,29.6,-81.3,"1,151,933","12,575",1995,At High Risk,806352.9031,High
5,29.6,-81.3,"1,177,045","12,826",1996,At High Risk,823931.3964,High
5,29.6,-81.3,"1,200,468","13,083",1997,At High Risk,840327.6312,High
5,29.6,-81.3,"1,220,036","13,345",1998,At High Risk,854024.9716,High
5,29.6,-81.3,"1,243,216","13,611",1999,At High Risk,870251.446,High
5,29.6,-81.3,"1,273,054","13,884",2000,At High Risk,891137.4807,High
5,29.6,-81.3,"1,303,480","14,161",2001,At High Risk,912435.6665,High
5,29.6,-81.3,"1,332,547","14,445",2002,At High Risk,932782.9819,High
5,29.6,-81.3,"1,361,330","14,733",2003,At High Risk,952931.0943,High
5,29.6,-81.3,"1,388,557","15,028",2004,At High Risk,971989.7162,High
5,29.6,-81.3,"1,422,576","15,329",2005,At High Risk,995803.4642,High
5,29.6,-81.3,"1,453,731","15,635",2006,At High Risk,1017611.56,High
5,29.6,-81.3,"1,477,136","15,948",2007,At High Risk,1033995.106,High
5,29.6,-81.3,"1,500,770","16,267",2008,At High Risk,1050539.028,High
5,29.6,-81.3,"1,531,236","16,592",2009,At High Risk,1071864.97,High
5,29.6,-81.3,"1,556,807","16,924",2010,At High Risk,1089765.115,High
5,29.6,-81.3,"1,581,561","17,263",2011,At High Risk,1107092.381,High
5,29.6,-81.3,"1,612,243","17,608",2012,At High Risk,1128569.973,High
5,29.6,-81.3,"1,648,680","17,960",2013,At High Risk,1154075.654,High
5,29.6,-81.3,"1,674,069","18,319",2014,At High Risk,1171848.419,High
5,29.6,-81.3,"1,714,414","18,686",2015,At High Risk,1200089.966,High
5,29.6,-81.3,"1,741,845","19,059",2016,At High Risk,1219291.406,High
5,29.6,-81.3,"1,773,721","19,440",2017,At High Risk,1807960.279,High
5,29.6,-81.3,"1,817,709","19,829",2018,At High Risk,1272396.228,High
5,29.6,-81.3,"1,847,156","20,226",2019,At High Risk,1450191.768,High
5,29.6,-81.3,"1,886,685","20,630",2020,At High Risk,1320679.441,High
5,29.6,-81.3,"1,929,890","21,043",2021,At High Risk,1350923,High
6,29.6,-90.6,"506,667","3,881",1985,At High Risk,354667.199,High
6,29.6,-90.6,"516,598","3,959",1986,At High Risk,361618.6761,High
6,29.6,-90.6,"528,118","4,038",1987,At High Risk,369682.7726,High
6,29.6,-90.6,"538,258","4,119",1988,At High Risk,376780.6818,High
6,29.6,-90.6,"549,938","4,201",1989,At High Risk,384956.8226,High
6,29.6,-90.6,"559,122","4,285",1990,At High Risk,391385.6016,High
6,29.6,-90.6,"571,199","4,371",1991,At High Risk,399839.5306,High
6,29.6,-90.6,"583,994","4,459",1992,At High Risk,408795.9361,High
6,29.6,-90.6,"598,244","4,548",1993,At High Risk,418770.5569,High
6,29.6,-90.6,"610,089","4,639",1994,At High Risk,427062.2139,High
6,29.6,-90.6,"621,803","4,731",1995,At High Risk,435261.8084,High
6,29.6,-90.6,"634,612","4,826",1996,At High Risk,444228.2017,High
6,29.6,-90.6,"644,956","4,923",1997,At High Risk,451469.1214,High
6,29.6,-90.6,"659,209","5,021",1998,At High Risk,461446.589,High
6,29.6,-90.6,"675,228","5,121",1999,At High Risk,472659.7411,High
6,29.6,-90.6,"687,922","5,224",2000,At High Risk,481545.7442,High
6,29.6,-90.6,"699,411","5,328",2001,At High Risk,489587.5581,High
6,29.6,-90.6,"716,756","5,435",2002,At High Risk,501729.3296,High
6,29.6,-90.6,"734,675","5,544",2003,At High Risk,514272.5628,High
6,29.6,-90.6,"749,001","5,654",2004,At High Risk,524300.8778,High
6,29.6,-90.6,"765,929","5,768",2005,At High Risk,536150.0776,High
6,29.6,-90.6,"784,771","5,883",2006,At High Risk,549339.3695,High
6,29.6,-90.6,"798,033","6,001",2007,At High Risk,558623.2049,High
6,29.6,-90.6,"815,989","6,121",2008,At High Risk,571192.227,High
6,29.6,-90.6,"831,737","6,243",2009,At High Risk,582216.237,High
6,29.6,-90.6,"845,711","6,368",2010,At High Risk,591997.4697,High
6,29.6,-90.6,"865,331","6,495",2011,At High Risk,605731.811,High
6,29.6,-90.6,"879,869","6,625",2012,At High Risk,615908.1055,High
6,29.6,-90.6,"901,689","6,758",2013,At High Risk,663596.7028,High
6,29.6,-90.6,"920,895","6,893",2014,At High Risk,644626.8164,High
6,29.6,-90.6,"940,511","7,031",2015,At High Risk,658357.3676,High
6,29.6,-90.6,"955,841","7,171",2016,At High Risk,669088.5927,High
6,29.6,-90.6,"970,370","7,315",2017,At High Risk,679258.7393,High
6,29.6,-90.6,"992,106","7,461",2018,At High Risk,694474.1351,High
6,29.6,-90.6,"1,008,178","7,610",2019,At High Risk,705724.6161,High
6,29.6,-90.6,"1,025,317","7,762",2020,At High Risk,717721.9345,High
6,29.6,-90.6,"1,049,412","7,918",2021,At High Risk,734588.4,High
7,32.6,-83.4,"953,342","3,006",1985,At High Risk,667339.5996,High
7,32.6,-83.4,"975,078","3,067",1986,At High Risk,682554.9424,High
7,32.6,-83.4,"996,335","3,128",1987,At High Risk,697434.6402,High
7,32.6,-83.4,"1,012,874","3,190",1988,At High Risk,709012.0552,High
7,32.6,-83.4,"1,037,690","3,254",1989,At High Risk,726382.8506,High
7,32.6,-83.4,"1,058,444","3,319",1990,At High Risk,740910.5076,High
7,32.6,-83.4,"1,074,955","3,386",1991,At High Risk,752468.7115,High
7,32.6,-83.4,"1,091,510","3,453",1992,At High Risk,764056.7297,High
7,32.6,-83.4,"1,110,611","3,523",1993,At High Risk,777427.7224,High
7,32.6,-83.4,"1,130,935","3,593",1994,At High Risk,791654.6497,High
7,32.6,-83.4,"1,156,042","3,665",1995,At High Risk,809229.383,High
7,32.6,-83.4,"1,181,244","3,738",1996,At High Risk,826870.5835,High
7,32.6,-83.4,"1,203,805","3,813",1997,At High Risk,842663.8117,High
7,32.6,-83.4,"1,227,520","3,889",1998,At High Risk,859264.2888,High
7,32.6,-83.4,"1,253,667","3,967",1999,At High Risk,877566.6181,High
7,32.6,-83.4,"1,281,999","4,046",2000,At High Risk,897399.6237,High
7,32.6,-83.4,"1,306,998","4,127",2001,At High Risk,914898.9163,High
7,32.6,-83.4,"1,338,759","4,210",2002,At High Risk,937130.96,High
7,32.6,-83.4,"1,371,826","4,294",2003,At High Risk,960278.0947,High
7,32.6,-83.4,"1,405,436","4,380",2004,At High Risk,983804.908,High
7,32.6,-83.4,"1,435,231","4,467",2005,At High Risk,1004661.572,High
7,32.6,-83.4,"1,462,500","4,557",2006,At High Risk,1023750.142,High
7,32.6,-83.4,"1,491,458","4,648",2007,At High Risk,1044020.395,High
7,32.6,-83.4,"1,515,023","4,741",2008,At High Risk,1060515.917,High
7,32.6,-83.4,"1,551,232","4,836",2009,At High Risk,1085862.247,High
7,32.6,-83.4,"1,580,240","4,932",2010,At High Risk,1106167.871,High
7,32.6,-83.4,"1,618,482","5,031",2011,At High Risk,1132937.134,High
7,32.6,-83.4,"1,649,233","5,132",2012,At High Risk,1154462.939,High
7,32.6,-83.4,"1,687,165","5,234",2013,At High Risk,1181015.587,High
7,32.6,-83.4,"1,721,752","5,339",2014,At High Risk,1205226.407,High
7,32.6,-83.4,"1,753,432","5,446",2015,At High Risk,1227402.573,High
7,32.6,-83.4,"1,783,942","5,555",2016,At High Risk,1248759.377,High
7,32.6,-83.4,"1,814,091","5,666",2017,At High Risk,1269863.411,High
7,32.6,-83.4,"1,843,842","5,779",2018,At High Risk,1290689.171,High
7,32.6,-83.4,"1,883,116","5,895",2019,At High Risk,1318180.85,High
7,32.6,-83.4,"1,928,499","6,013",2020,At High Risk,1349949.008,High
7,32.6,-83.4,"1,974,204","6,133",2021,At High Risk,1381942.8,High
8,43.4,-107.9,"253,182","1,370",1985,Safe,78664.57258,Low
8,43.4,-107.9,"259,132","1,398",1986,Safe,25913.19753,Low
8,43.4,-107.9,"265,558","1,426",1987,Safe,26555.84483,Low
8,43.4,-107.9,"270,179","1,454",1988,Safe,27017.91653,Low
8,43.4,-107.9,"274,799","1,483",1989,Safe,27479.9229,Low
8,43.4,-107.9,"279,361","1,513",1990,Safe,27936.08962,Low
8,43.4,-107.9,"285,982","1,543",1991,Safe,28598.17495,Low
8,43.4,-107.9,"291,787","1,574",1992,Safe,29178.7179,Low
8,43.4,-107.9,"296,339","1,606",1993,Safe,29633.9059,Low
8,43.4,-107.9,"301,318","1,638",1994,Safe,30131.75552,Low
8,43.4,-107.9,"307,133","1,671",1995,Safe,30713.2984,Low
8,43.4,-107.9,"312,661","1,704",1996,Safe,31266.13777,Low
8,43.4,-107.9,"319,321","1,738",1997,Safe,31932.1065,Low
8,43.4,-107.9,"325,452","1,773",1998,Safe,32545.20295,Low
8,43.4,-107.9,"332,970","1,808",1999,Safe,33296.99714,Low
8,43.4,-107.9,"339,563","1,844",2000,Safe,33956.27768,Low
8,43.4,-107.9,"345,166","1,881",2001,Safe,34516.55626,Low
8,43.4,-107.9,"353,381","1,919",2002,Safe,35338.0503,Low
8,43.4,-107.9,"360,307","1,957",2003,Safe,36030.67609,Low
8,43.4,-107.9,"368,053","1,997",2004,Safe,36805.33562,Low
8,43.4,-107.9,"375,856","2,036",2005,Safe,37585.60874,Low
8,43.4,-107.9,"384,350","2,077",2006,Safe,182375.0474,Medium
8,43.4,-107.9,"390,538","2,119",2007,Safe,39053.84769,Low
8,43.4,-107.9,"399,326","2,161",2008,Safe,39932.55927,Low
8,43.4,-107.9,"408,989","2,204",2009,Safe,40898.9272,Low
8,43.4,-107.9,"416,719","2,248",2010,Safe,41671.91693,Low
8,43.4,-107.9,"424,595","2,293",2011,Safe,42459.51616,Low
8,43.4,-107.9,"431,219","2,339",2012,Safe,43121.88461,Low
8,43.4,-107.9,"441,741","2,386",2013,Safe,44174.05859,Low
8,43.4,-107.9,"450,929","2,434",2014,Safe,172064.6636,Medium
8,43.4,-107.9,"459,091","2,482",2015,Safe,45909.06012,Low
8,43.4,-107.9,"469,512","2,532",2016,Safe,46951.19579,Low
8,43.4,-107.9,"477,822","2,583",2017,Safe,47782.23195,Low
8,43.4,-107.9,"488,143","2,634",2018,Safe,48814.32816,Low
8,43.4,-107.9,"499,615","2,687",2019,Safe,49961.46487,Low
8,43.4,-107.9,"510,556","2,741",2020,Safe,153209.2951,Low
8,43.4,-107.9,"520,461","2,796",2021,Safe,52046.1,Low
9,51.5,-73.7,"1,380,274","4,643",1985,At Low Risk,621123.1135,Medium
9,51.5,-73.7,"1,408,293","4,736",1986,At Low Risk,633731.9127,Medium
9,51.5,-73.7,"1,436,741","4,830",1987,At Low Risk,646533.2973,Medium
9,51.5,-73.7,"1,462,458","4,927",1988,At Low Risk,658106.2434,Medium
9,51.5,-73.7,"1,492,000","5,026",1989,At Low Risk,671399.9895,Medium
9,51.5,-73.7,"1,528,256","5,126",1990,At Low Risk,687715.0092,Medium
9,51.5,-73.7,"1,555,153","5,229",1991,At Low Risk,699818.7934,Medium
9,51.5,-73.7,"1,584,079","5,333",1992,At Low Risk,712835.4229,Medium
9,51.5,-73.7,"1,615,285","5,440",1993,At Low Risk,726878.2808,Medium
9,51.5,-73.7,"1,648,560","5,549",1994,At Low Risk,741851.9734,Medium
9,51.5,-73.7,"1,676,091","5,660",1995,At Low Risk,754240.9013,Medium
9,51.5,-73.7,"1,706,428","5,773",1996,At Low Risk,767892.6616,Medium
9,51.5,-73.7,"1,741,069","5,888",1997,At Low Risk,783480.8827,Medium
9,51.5,-73.7,"1,768,752","6,006",1998,At Low Risk,795938.2287,Medium
9,51.5,-73.7,"1,811,909","6,126",1999,At Low Risk,815359.1215,Medium
9,51.5,-73.7,"1,849,959","6,249",2000,At Low Risk,832481.663,Medium
9,51.5,-73.7,"1,884,183","6,374",2001,At Low Risk,847882.5738,Medium
9,51.5,-73.7,"1,930,723","6,501",2002,At Low Risk,868825.2734,Medium
9,51.5,-73.7,"1,961,614","6,631",2003,At Low Risk,882726.4777,Medium
9,51.5,-73.7,"2,002,808","6,764",2004,At Low Risk,901263.7338,Medium
9,51.5,-73.7,"2,049,674","6,899",2005,At Low Risk,922353.3051,Medium
9,51.5,-73.7,"2,081,239","7,037",2006,At Low Risk,936557.546,Medium
9,51.5,-73.7,"2,116,204","7,178",2007,At Low Risk,952291.7128,Medium
9,51.5,-73.7,"2,166,146","7,321",2008,At Low Risk,974765.7972,Medium
9,51.5,-73.7,"2,213,368","7,468",2009,At Low Risk,996015.6916,Medium
9,51.5,-73.7,"2,259,849","7,617",2010,At Low Risk,1016932.021,Medium
9,51.5,-73.7,"2,305,046","7,769",2011,At Low Risk,1037270.662,Medium
9,51.5,-73.7,"2,351,608","7,925",2012,At Low Risk,1058223.529,Medium
9,51.5,-73.7,"2,410,163","8,083",2013,At Low Risk,1084573.295,Medium
9,51.5,-73.7,"2,451,136","8,245",2014,At Low Risk,1103011.041,Medium
9,51.5,-73.7,"2,492,560","8,410",2015,At Low Risk,1121651.927,Medium
9,51.5,-73.7,"2,536,429","8,578",2016,At Low Risk,1141393.001,Medium
9,51.5,-73.7,"2,585,889","8,750",2017,At Low Risk,1163650.165,Medium
9,51.5,-73.7,"2,641,744","8,925",2018,At Low Risk,1188785.008,Medium
9,51.5,-73.7,"2,693,258","9,103",2019,At Low Risk,1211966.316,Medium
9,51.5,-73.7,"2,734,465","9,285",2020,At Low Risk,1230509.401,Medium
9,51.5,-73.7,"2,792,436","9,471",2021,At Low Risk,1256596.2,Medium
10,46.2,-62.5,"742,049","1,683",1985,At High Risk,519434.0554,High
10,46.2,-62.5,"758,448","1,717",1986,At High Risk,530913.548,High
10,46.2,-62.5,"774,527","1,751",1987,At High Risk,542168.9153,High
10,46.2,-62.5,"788,469","1,786",1988,At High Risk,551927.9557,High
10,46.2,-62.5,"805,421","1,822",1989,At High Risk,563794.4068,High
10,46.2,-62.5,"817,663","1,858",1990,At High Risk,572364.0818,High
10,46.2,-62.5,"836,551","1,895",1991,At High Risk,585585.6921,High
10,46.2,-62.5,"850,438","1,933",1992,At High Risk,595306.4145,High
10,46.2,-62.5,"871,699","1,972",1993,At High Risk,610189.0749,High
10,46.2,-62.5,"885,820","2,011",1994,At High Risk,620074.1379,High
10,46.2,-62.5,"907,700","2,051",1995,At High Risk,635389.9691,High
10,46.2,-62.5,"922,495","2,092",1996,At High Risk,645746.8256,High
10,46.2,-62.5,"940,761","2,134",1997,At High Risk,658532.6128,High
10,46.2,-62.5,"957,036","2,177",1998,At High Risk,669925.227,High
10,46.2,-62.5,"980,005","2,221",1999,At High Risk,686003.4324,High
10,46.2,-62.5,"1,002,251","2,265",2000,At High Risk,701575.7103,High
10,46.2,-62.5,"1,022,998","2,310",2001,At High Risk,716098.3275,High
10,46.2,-62.5,"1,045,504","2,356",2002,At High Risk,731852.4907,High
10,46.2,-62.5,"1,062,127","2,404",2003,At High Risk,743488.9453,High
10,46.2,-62.5,"1,084,219","2,452",2004,At High Risk,758953.5154,High
10,46.2,-62.5,"1,109,807","2,501",2005,At High Risk,776864.8184,High
10,46.2,-62.5,"1,132,780","2,551",2006,At High Risk,792945.9201,High
10,46.2,-62.5,"1,160,646","2,602",2007,At High Risk,812452.3897,High
10,46.2,-62.5,"1,189,430","2,654",2008,At High Risk,832601.209,High
10,46.2,-62.5,"1,208,461","2,707",2009,At High Risk,845922.8284,High
10,46.2,-62.5,"1,230,455","2,761",2010,At High Risk,861318.6238,High
10,46.2,-62.5,"1,260,970","2,816",2011,At High Risk,882679.3257,High
10,46.2,-62.5,"1,285,433","2,872",2012,At High Risk,899803.3046,High
10,46.2,-62.5,"1,310,499","2,930",2013,At High Risk,917349.4691,High
10,46.2,-62.5,"1,343,262","2,989",2014,At High Risk,940283.2058,High
10,46.2,-62.5,"1,368,112","3,048",2015,At High Risk,957678.4451,High
10,46.2,-62.5,"1,391,233","3,109",2016,At High Risk,973863.2108,High
10,46.2,-62.5,"1,421,145","3,171",2017,At High Risk,994801.2698,High
10,46.2,-62.5,"1,452,694","3,235",2018,At High Risk,1016885.858,High
10,46.2,-62.5,"1,489,011","3,300",2019,At High Risk,1042308.004,High
10,46.2,-62.5,"1,518,196","3,366",2020,At High Risk,1062737.241,High
10,46.2,-62.5,"1,540,969","3,433",2021,At High Risk,1078678.3,High
11,17.2,-89,"371,785","2,698",1985,At High Risk,260249.6417,High
11,17.2,-89,"379,370","2,752",1986,At High Risk,265558.7344,High
11,17.2,-89,"388,512","2,807",1987,At High Risk,271958.6999,High
11,17.2,-89,"397,137","2,863",1988,At High Risk,277996.183,High
11,17.2,-89,"406,867","2,920",1989,At High Risk,284807.0895,High
11,17.2,-89,"415,859","2,979",1990,At High Risk,291101.3262,High
11,17.2,-89,"422,596","3,038",1991,At High Risk,295817.1676,High
11,17.2,-89,"431,132","3,099",1992,At High Risk,301792.6744,High
11,17.2,-89,"439,496","3,161",1993,At High Risk,307647.4523,High
11,17.2,-89,"449,912","3,224",1994,At High Risk,314938.6969,High
11,17.2,-89,"457,921","3,289",1995,At High Risk,320544.6057,High
11,17.2,-89,"468,865","3,354",1996,At High Risk,328205.6218,High
11,17.2,-89,"478,289","3,422",1997,At High Risk,334802.5548,High
11,17.2,-89,"488,190","3,490",1998,At High Risk,341732.9677,High
11,17.2,-89,"497,514","3,560",1999,At High Risk,348260.0674,High
11,17.2,-89,"507,813","3,631",2000,At High Risk,355469.0508,High
11,17.2,-89,"516,344","3,704",2001,At High Risk,361440.9308,High
11,17.2,-89,"526,258","3,778",2002,At High Risk,368380.5967,High
11,17.2,-89,"534,731","3,853",2003,At High Risk,374311.5243,High
11,17.2,-89,"548,046","3,930",2004,At High Risk,383631.8813,High
11,17.2,-89,"559,061","4,009",2005,At High Risk,391342.8821,High
11,17.2,-89,"568,901","4,089",2006,At High Risk,398230.5168,High
11,17.2,-89,"581,985","4,171",2007,At High Risk,407389.8187,High
11,17.2,-89,"595,488","4,254",2008,At High Risk,416841.2625,High
11,17.2,-89,"609,243","4,339",2009,At High Risk,426470.2957,High
11,17.2,-89,"622,708","4,426",2010,At High Risk,435895.2892,High
11,17.2,-89,"632,920","4,515",2011,At High Risk,443043.9719,High
11,17.2,-89,"646,021","4,605",2012,At High Risk,452214.9821,High
11,17.2,-89,"657,973","4,697",2013,At High Risk,460580.9593,High
11,17.2,-89,"671,527","4,791",2014,At High Risk,470068.9271,High
11,17.2,-89,"683,144","4,887",2015,At High Risk,478201.1195,High
11,17.2,-89,"697,490","4,984",2016,At High Risk,488243.343,High
11,17.2,-89,"709,348","5,084",2017,At High Risk,496543.4799,High
11,17.2,-89,"722,471","5,186",2018,At High Risk,505729.5342,High
11,17.2,-89,"739,810","5,290",2019,At High Risk,517867.0431,High
11,17.2,-89,"750,907","5,395",2020,At High Risk,525635.0487,High
11,17.2,-89,"763,147","5,503",2021,At High Risk,534202.9,High
12,34.6,-77.9,"269,100",937,1985,At High Risk,188369.882,High
12,34.6,-77.9,"273,190",956,1986,At High Risk,191233.1042,High
12,34.6,-77.9,"279,146",975,1987,At High Risk,195401.9858,High
12,34.6,-77.9,"284,394",995,1988,At High Risk,199075.5432,High
12,34.6,-77.9,"289,342","1,015",1989,At High Risk,202539.4576,High
12,34.6,-77.9,"293,914","1,035",1990,At High Risk,205739.5811,High
12,34.6,-77.9,"299,087","1,056",1991,At High Risk,209360.5977,High
12,34.6,-77.9,"303,782","1,077",1992,At High Risk,212647.5591,High
12,34.6,-77.9,"311,346","1,098",1993,At High Risk,217942.4833,High
12,34.6,-77.9,"317,480","1,120",1994,At High Risk,222235.9502,High
12,34.6,-77.9,"324,496","1,143",1995,At High Risk,227147.3647,High
12,34.6,-77.9,"330,013","1,166",1996,At High Risk,231008.8699,High
12,34.6,-77.9,"335,458","1,189",1997,At High Risk,234820.5163,High
12,34.6,-77.9,"343,744","1,213",1998,At High Risk,240620.583,High
12,34.6,-77.9,"351,306","1,237",1999,At High Risk,245914.2358,High
12,34.6,-77.9,"358,859","1,262",2000,At High Risk,251201.3919,High
12,34.6,-77.9,"365,175","1,287",2001,At High Risk,255622.5364,High
12,34.6,-77.9,"372,734","1,313",2002,At High Risk,260913.9229,High
12,34.6,-77.9,"378,735","1,339",2003,At High Risk,265114.6371,High
12,34.6,-77.9,"385,515","1,366",2004,At High Risk,269860.1891,High
12,34.6,-77.9,"391,336","1,393",2005,At High Risk,273935.0779,High
12,34.6,-77.9,"399,945","1,421",2006,At High Risk,279961.6496,High
12,34.6,-77.9,"406,504","1,449",2007,At High Risk,284553.0207,High
12,34.6,-77.9,"416,179","1,478",2008,At High Risk,291325.3826,High
12,34.6,-77.9,"424,503","1,508",2009,At High Risk,297151.8902,High
12,34.6,-77.9,"430,998","1,538",2010,At High Risk,301698.3142,High
12,34.6,-77.9,"438,325","1,569",2011,At High Risk,306827.1855,High
12,34.6,-77.9,"445,294","1,600",2012,At High Risk,311705.7378,High
12,34.6,-77.9,"454,511","1,632",2013,At High Risk,318158.0465,High
12,34.6,-77.9,"461,875","1,665",2014,At High Risk,323312.2069,High
12,34.6,-77.9,"471,528","1,698",2015,At High Risk,330069.432,High
12,34.6,-77.9,"481,288","1,732",2016,At High Risk,336901.8693,High
12,34.6,-77.9,"488,556","1,767",2017,At High Risk,341989.0875,High
12,34.6,-77.9,"497,741","1,802",2018,At High Risk,348418.4823,High
12,34.6,-77.9,"509,487","1,838",2019,At High Risk,356641.1585,High
12,34.6,-77.9,"517,690","1,875",2020,At High Risk,362383.0812,High
12,34.6,-77.9,"526,905","1,912",2021,At High Risk,368833.5,High
13,30.4,-87.5,"942,929","3,870",1985,At High Risk,660050.2362,High
13,30.4,-87.5,"958,487","3,947",1986,At High Risk,670941.0651,High
13,30.4,-87.5,"980,149","4,026",1987,At High Risk,686104.3331,High
13,30.4,-87.5,"1,000,536","4,107",1988,At High Risk,700375.3033,High
13,30.4,-87.5,"1,023,348","4,189",1989,At High Risk,716343.8602,High
13,30.4,-87.5,"1,043,815","4,273",1990,At High Risk,730670.7374,High
13,30.4,-87.5,"1,068,032","4,358",1991,At High Risk,747622.2985,High
13,30.4,-87.5,"1,086,509","4,445",1992,At High Risk,760556.1643,High
13,30.4,-87.5,"1,103,241","4,534",1993,At High Risk,772268.7292,High
13,30.4,-87.5,"1,127,512","4,625",1994,At High Risk,789258.6412,High
13,30.4,-87.5,"1,153,783","4,717",1995,At High Risk,807648.3676,High
13,30.4,-87.5,"1,174,205","4,812",1996,At High Risk,821943.7437,High
13,30.4,-87.5,"1,202,973","4,908",1997,At High Risk,842081.3654,High
13,30.4,-87.5,"1,226,070","5,006",1998,At High Risk,858249.3276,High
13,30.4,-87.5,"1,247,159","5,106",1999,At High Risk,873011.2161,High
13,30.4,-87.5,"1,276,717","5,208",2000,At High Risk,893701.5819,High
13,30.4,-87.5,"1,300,719","5,313",2001,At High Risk,910503.1716,High
13,30.4,-87.5,"1,329,595","5,419",2002,At High Risk,930716.342,High
13,30.4,-87.5,"1,353,129","5,527",2003,At High Risk,947190.0213,High
13,30.4,-87.5,"1,380,868","5,638",2004,At High Risk,966607.4167,High
13,30.4,-87.5,"1,406,552","5,751",2005,At High Risk,984586.3147,High
13,30.4,-87.5,"1,440,450","5,866",2006,At High Risk,1008314.845,High
13,30.4,-87.5,"1,473,724","5,983",2007,At High Risk,1031606.918,High
13,30.4,-87.5,"1,501,430","6,103",2008,At High Risk,1051001.128,High
13,30.4,-87.5,"1,538,666","6,225",2009,At High Risk,1077065.956,High
13,30.4,-87.5,"1,572,055","6,349",2010,At High Risk,1100438.287,High
13,30.4,-87.5,"1,609,470","6,476",2011,At High Risk,1126628.718,High
13,30.4,-87.5,"1,648,419","6,606",2012,At High Risk,1153893.133,High
13,30.4,-87.5,"1,688,310","6,738",2013,At High Risk,1181817.347,High
13,30.4,-87.5,"1,719,713","6,872",2014,At High Risk,1203799.15,High
13,30.4,-87.5,"1,753,935","7,010",2015,At High Risk,1227754.753,High
13,30.4,-87.5,"1,793,048","7,150",2016,At High Risk,1255133.684,High
13,30.4,-87.5,"1,822,992","7,293",2017,At High Risk,1276094.416,High
13,30.4,-87.5,"1,850,519","7,439",2018,At High Risk,1295363.442,High
13,30.4,-87.5,"1,882,903","7,588",2019,At High Risk,1318032.302,High
13,30.4,-87.5,"1,926,398","7,739",2020,At High Risk,1348478.848,High
13,30.4,-87.5,"1,967,238","7,894",2021,At High Risk,1377066.6,High
14,18,-77.2,"179,338","1,715",1985,At High Risk,125536.8672,High
14,18,-77.2,"182,979","1,750",1986,At High Risk,128085.2657,High
14,18,-77.2,"185,852","1,784",1987,At High Risk,130096.2043,High
14,18,-77.2,"189,494","1,820",1988,At High Risk,132646.0899,High
14,18,-77.2,"194,004","1,857",1989,At High Risk,135803.0669,High
14,18,-77.2,"197,458","1,894",1990,At High Risk,138220.3615,High
14,18,-77.2,"202,216","1,932",1991,At High Risk,141551.4722,High
14,18,-77.2,"206,443","1,970",1992,At High Risk,144509.8979,High
14,18,-77.2,"211,191","2,010",1993,At High Risk,147833.6256,High
14,18,-77.2,"216,471","2,050",1994,At High Risk,151529.4662,High
14,18,-77.2,"220,497","2,091",1995,At High Risk,154347.9143,High
14,18,-77.2,"225,480","2,133",1996,At High Risk,157836.1772,High
14,18,-77.2,"230,058","2,175",1997,At High Risk,161040.2516,High
14,18,-77.2,"235,648","2,219",1998,At High Risk,164953.5297,High
14,18,-77.2,"240,078","2,263",1999,At High Risk,168054.656,High
14,18,-77.2,"245,120","2,308",2000,At High Risk,171583.8038,High
14,18,-77.2,"249,851","2,355",2001,At High Risk,174895.3712,High
14,18,-77.2,"254,573","2,402",2002,At High Risk,178200.8937,High
14,18,-77.2,"259,690","2,450",2003,At High Risk,181782.7317,High
14,18,-77.2,"264,156","2,499",2004,At High Risk,184909.3947,High
14,18,-77.2,"268,885","2,549",2005,At High Risk,188219.2729,High
14,18,-77.2,"273,913","2,600",2006,At High Risk,191738.9733,High
14,18,-77.2,"280,240","2,652",2007,At High Risk,196168.1435,High
14,18,-77.2,"285,060","2,705",2008,At High Risk,199542.2356,High
14,18,-77.2,"289,935","2,759",2009,At High Risk,202954.4078,High
14,18,-77.2,"294,313","2,814",2010,At High Risk,206019.0194,High
14,18,-77.2,"301,023","2,870",2011,At High Risk,210716.253,High
14,18,-77.2,"307,104","2,928",2012,At High Risk,214972.7214,High
14,18,-77.2,"312,570","2,986",2013,At High Risk,218799.2358,High
14,18,-77.2,"317,321","3,046",2014,At High Risk,222124.9842,High
14,18,-77.2,"323,351","3,107",2015,At High Risk,226345.3589,High
14,18,-77.2,"330,497","3,169",2016,At High Risk,231347.5913,High
14,18,-77.2,"336,974","3,232",2017,At High Risk,235882.0041,High
14,18,-77.2,"345,028","3,297",2018,At High Risk,241519.584,High
14,18,-77.2,"351,515","3,363",2019,At High Risk,246060.1522,High
14,18,-77.2,"358,018","3,430",2020,At High Risk,250612.265,High
14,18,-77.2,"363,710","3,499",2021,At High Risk,254597,High
15,41.9,-87.9,"679,481","2,887",1985,At Low Risk,305766.3789,Medium
15,41.9,-87.9,"691,576","2,945",1986,At Low Risk,311209.0204,Medium
15,41.9,-87.9,"706,859","3,004",1987,At Low Risk,318086.7397,Medium
15,41.9,-87.9,"722,552","3,064",1988,At Low Risk,325148.2654,Medium
15,41.9,-87.9,"737,725","3,125",1989,At Low Risk,331976.3789,Medium
15,41.9,-87.9,"753,144","3,188",1990,At Low Risk,338914.6853,Medium
15,41.9,-87.9,"767,830","3,252",1991,At Low Risk,345523.5216,Medium
15,41.9,-87.9,"786,872","3,317",1992,At Low Risk,354092.505,Medium
15,41.9,-87.9,"801,980","3,383",1993,At Low Risk,360891.0811,Medium
15,41.9,-87.9,"816,817","3,451",1994,At Low Risk,367567.5661,Medium
15,41.9,-87.9,"830,213","3,520",1995,At Low Risk,373595.6741,Medium
15,41.9,-87.9,"842,915","3,590",1996,At Low Risk,379311.688,Medium
15,41.9,-87.9,"859,689","3,662",1997,At Low Risk,386859.9905,Medium
15,41.9,-87.9,"877,914","3,735",1998,At Low Risk,395061.4223,Medium
15,41.9,-87.9,"898,896","3,810",1999,At Low Risk,404503.3903,Medium
15,41.9,-87.9,"919,571","3,886",2000,At Low Risk,413806.9683,Medium
15,41.9,-87.9,"942,009","3,964",2001,At Low Risk,423903.8583,Medium
15,41.9,-87.9,"961,602","4,043",2002,At Low Risk,432721.0586,Medium
15,41.9,-87.9,"981,315","4,124",2003,At Low Risk,441591.8403,Medium
15,41.9,-87.9,"998,684","4,207",2004,At Low Risk,449408.0159,Medium
15,41.9,-87.9,"1,015,263","4,291",2005,At Low Risk,456868.1889,Medium
15,41.9,-87.9,"1,031,710","4,376",2006,At Low Risk,464269.4536,Medium
15,41.9,-87.9,"1,051,828","4,464",2007,At Low Risk,473322.7079,Medium
15,41.9,-87.9,"1,075,284","4,553",2008,At Low Risk,483877.8043,Medium
15,41.9,-87.9,"1,097,865","4,644",2009,At Low Risk,494039.2382,Medium
15,41.9,-87.9,"1,115,760","4,737",2010,At Low Risk,502092.0778,Medium
15,41.9,-87.9,"1,137,964","4,832",2011,At Low Risk,512083.7101,Medium
15,41.9,-87.9,"1,165,730","4,929",2012,At Low Risk,524578.5527,Medium
15,41.9,-87.9,"1,184,382","5,027",2013,At Low Risk,532971.8095,Medium
15,41.9,-87.9,"1,208,425","5,128",2014,At Low Risk,543791.1372,Medium
15,41.9,-87.9,"1,231,264","5,230",2015,At Low Risk,554068.7897,Medium
15,41.9,-87.9,"1,249,979","5,335",2016,At Low Risk,562490.6353,Medium
15,41.9,-87.9,"1,280,479","5,442",2017,At Low Risk,576215.4068,Medium
15,41.9,-87.9,"1,310,954","5,550",2018,At Low Risk,589929.3335,Medium
15,41.9,-87.9,"1,333,765","5,661",2019,At Low Risk,600194.1039,Medium
15,41.9,-87.9,"1,363,374","5,775",2020,At Low Risk,613518.413,Medium
15,41.9,-87.9,"1,388,324","5,890",2021,At Low Risk,624745.8,Medium
16,26.5,-97.8,"276,312","2,079",1985,At High Risk,193418.2569,High
16,26.5,-97.8,"282,004","2,121",1986,At High Risk,197402.673,High
16,26.5,-97.8,"288,490","2,163",1987,At High Risk,201942.9345,High
16,26.5,-97.8,"293,654","2,207",1988,At High Risk,205557.713,High
16,26.5,-97.8,"300,496","2,251",1989,At High Risk,210347.2077,High
16,26.5,-97.8,"306,025","2,296",1990,At High Risk,214217.5964,High
16,26.5,-97.8,"310,799","2,342",1991,At High Risk,217559.3909,High
16,26.5,-97.8,"317,264","2,389",1992,At High Risk,222084.6262,High
16,26.5,-97.8,"322,499","2,436",1993,At High Risk,225749.0225,High
16,26.5,-97.8,"330,561","2,485",1994,At High Risk,231392.7481,High
16,26.5,-97.8,"337,371","2,535",1995,At High Risk,236159.4387,High
16,26.5,-97.8,"345,299","2,585",1996,At High Risk,241709.1855,High
16,26.5,-97.8,"352,136","2,637",1997,At High Risk,246495.0274,High
16,26.5,-97.8,"358,580","2,690",1998,At High Risk,251005.8864,High
16,26.5,-97.8,"365,895","2,744",1999,At High Risk,256126.4065,High
16,26.5,-97.8,"374,567","2,799",2000,At High Risk,262196.6023,High
16,26.5,-97.8,"381,571","2,855",2001,At High Risk,267099.6788,High
16,26.5,-97.8,"388,134","2,912",2002,At High Risk,271693.7932,High
16,26.5,-97.8,"396,324","2,970",2003,At High Risk,277426.5323,High
16,26.5,-97.8,"404,726","3,029",2004,At High Risk,283307.9747,High
16,26.5,-97.8,"414,803","3,090",2005,At High Risk,290362.3433,High
16,26.5,-97.8,"421,979","3,152",2006,At High Risk,295385.6119,High
16,26.5,-97.8,"431,896","3,215",2007,At High Risk,302327.1737,High
16,26.5,-97.8,"441,354","3,279",2008,At High Risk,308948.1388,High
16,26.5,-97.8,"450,535","3,345",2009,At High Risk,315374.2601,High
16,26.5,-97.8,"458,915","3,411",2010,At High Risk,321240.2214,High
16,26.5,-97.8,"469,699","3,480",2011,At High Risk,328789.3666,High
16,26.5,-97.8,"478,623","3,549",2012,At High Risk,335036.3645,High
16,26.5,-97.8,"490,350","3,620",2013,At High Risk,343244.7555,High
16,26.5,-97.8,"498,637","3,693",2014,At High Risk,349045.5918,High
16,26.5,-97.8,"509,656","3,767",2015,At High Risk,356759.4994,High
16,26.5,-97.8,"518,881","3,842",2016,At High Risk,363216.8464,High
16,26.5,-97.8,"528,584","3,919",2017,At High Risk,370009.0014,High
16,26.5,-97.8,"538,363","3,997",2018,At High Risk,376854.1679,High
16,26.5,-97.8,"548,269","4,077",2019,At High Risk,383788.2846,High
16,26.5,-97.8,"560,824","4,159",2020,At High Risk,392577.0363,High
16,26.5,-97.8,"571,480","4,242",2021,At High Risk,400036,High
17,33.8,-80.7,"1,695,941","8,370",1985,At High Risk,1187158.914,High
17,33.8,-80.7,"1,734,439","8,537",1986,At High Risk,1214107.421,High
17,33.8,-80.7,"1,768,434","8,708",1987,At High Risk,1237903.927,High
17,33.8,-80.7,"1,810,700","8,882",1988,At High Risk,1267489.831,High
17,33.8,-80.7,"1,846,189","9,060",1989,At High Risk,1292332.631,High
17,33.8,-80.7,"1,880,713","9,241",1990,At High Risk,1316499.252,High
17,33.8,-80.7,"1,916,071","9,426",1991,At High Risk,1341249.438,High
17,33.8,-80.7,"1,945,387","9,614",1992,At High Risk,1361770.554,High
17,33.8,-80.7,"1,988,769","9,807",1993,At High Risk,1392138.037,High
17,33.8,-80.7,"2,032,720","10,003",1994,At High Risk,1422904.288,High
17,33.8,-80.7,"2,064,431","10,203",1995,At High Risk,1445101.595,High
17,33.8,-80.7,"2,113,358","10,407",1996,At High Risk,1479350.503,High
17,33.8,-80.7,"2,151,398","10,615",1997,At High Risk,1505978.812,High
17,33.8,-80.7,"2,203,892","10,827",1998,At High Risk,1542724.695,High
17,33.8,-80.7,"2,240,036","11,044",1999,At High Risk,1568025.38,High
17,33.8,-80.7,"2,289,541","11,265",2000,At High Risk,1602678.741,High
17,33.8,-80.7,"2,328,005","11,490",2001,At High Risk,1629603.743,High
17,33.8,-80.7,"2,374,333","11,720",2002,At High Risk,1662032.858,High
17,33.8,-80.7,"2,409,948","11,954",2003,At High Risk,1686963.351,High
17,33.8,-80.7,"2,456,460","12,193",2004,At High Risk,1719521.743,High
17,33.8,-80.7,"2,500,430","12,437",2005,At High Risk,1750301.183,High
17,33.8,-80.7,"2,552,939","12,686",2006,At High Risk,1787057.508,High
17,33.8,-80.7,"2,606,040","12,940",2007,At High Risk,1824228.304,High
17,33.8,-80.7,"2,647,216","13,198",2008,At High Risk,1853051.111,High
17,33.8,-80.7,"2,699,366","13,462",2009,At High Risk,1889556.218,High
17,33.8,-80.7,"2,759,292","13,732",2010,At High Risk,1931504.366,High
17,33.8,-80.7,"2,808,683","14,006",2011,At High Risk,1966078.294,High
17,33.8,-80.7,"2,874,687","14,286",2012,At High Risk,2012281.134,High
17,33.8,-80.7,"2,925,282","14,572",2013,At High Risk,2047697.282,High
17,33.8,-80.7,"2,977,644","14,864",2014,At High Risk,2084351.063,High
17,33.8,-80.7,"3,026,478","15,161",2015,At High Risk,2118534.421,High
17,33.8,-80.7,"3,097,297","15,464",2016,At High Risk,2168108.126,High
17,33.8,-80.7,"3,157,695","15,773",2017,At High Risk,2210386.235,High
17,33.8,-80.7,"3,227,795","16,089",2018,At High Risk,2259456.809,High
17,33.8,-80.7,"3,286,864","16,411",2019,At High Risk,2300804.869,High
17,33.8,-80.7,"3,342,083","16,739",2020,At High Risk,2339458.39,High
17,33.8,-80.7,"3,421,625","17,073",2021,At High Risk,2395137.5,High
18,24.8,-111.6,"334,459","1,975",1985,At Low Risk,150506.5149,Medium
18,24.8,-111.6,"340,212","2,014",1986,At Low Risk,153095.227,Medium
18,24.8,-111.6,"345,519","2,054",1987,At Low Risk,155483.5125,Medium
18,24.8,-111.6,"352,706","2,095",1988,At Low Risk,158717.5696,Medium
18,24.8,-111.6,"360,324","2,137",1989,At Low Risk,162145.8691,Medium
18,24.8,-111.6,"368,900","2,180",1990,At Low Risk,207549.2105,Medium
18,24.8,-111.6,"375,540","2,224",1991,At Low Risk,168993.0297,Medium
18,24.8,-111.6,"384,253","2,268",1992,At Low Risk,172913.668,Medium
18,24.8,-111.6,"390,016","2,314",1993,At Low Risk,175507.373,Medium
18,24.8,-111.6,"399,767","2,360",1994,At Low Risk,179895.0574,Medium
18,24.8,-111.6,"407,642","2,407",1995,At Low Risk,183438.99,Medium
18,24.8,-111.6,"417,507","2,455",1996,At Low Risk,187878.2135,Medium
18,24.8,-111.6,"426,108","2,504",1997,At Low Risk,191748.5047,Medium
18,24.8,-111.6,"434,460","2,554",1998,At Low Risk,195506.7754,Medium
18,24.8,-111.6,"441,628","2,605",1999,At Low Risk,198732.6372,Medium
18,24.8,-111.6,"448,606","2,658",2000,At Low Risk,201872.6129,Medium
18,24.8,-111.6,"458,789","2,711",2001,At Low Risk,206455.1212,Medium
18,24.8,-111.6,"468,653","2,765",2002,At Low Risk,210893.9063,Medium
18,24.8,-111.6,"477,136","2,820",2003,At Low Risk,214711.086,Medium
18,24.8,-111.6,"485,772","2,877",2004,At Low Risk,218597.3567,Medium
18,24.8,-111.6,"496,265","2,934",2005,At Low Risk,223319.0596,Medium
18,24.8,-111.6,"506,785","2,993",2006,At Low Risk,228053.4236,Medium
18,24.8,-111.6,"516,820","3,053",2007,At Low Risk,232568.8814,Medium
18,24.8,-111.6,"525,192","3,114",2008,At Low Risk,236336.4973,Medium
18,24.8,-111.6,"536,484","3,176",2009,At Low Risk,241417.732,Medium
18,24.8,-111.6,"546,570","3,240",2010,At Low Risk,245956.3854,Medium
18,24.8,-111.6,"558,321","3,304",2011,At Low Risk,251244.4476,Medium
18,24.8,-111.6,"566,696","3,370",2012,At Low Risk,256491.2611,Medium
18,24.8,-111.6,"579,786","3,438",2013,At Low Risk,260903.9173,Medium
18,24.8,-111.6,"588,831","3,507",2014,At Low Risk,264974.0184,Medium
18,24.8,-111.6,"601,491","3,577",2015,At Low Risk,270670.9598,Medium
18,24.8,-111.6,"615,927","3,648",2016,At Low Risk,277167.0628,Medium
18,24.8,-111.6,"629,908","3,721",2017,At Low Risk,283458.7552,Medium
18,24.8,-111.6,"643,073","3,796",2018,At Low Risk,289383.0432,Medium
18,24.8,-111.6,"658,571","3,872",2019,At Low Risk,296357.1745,Medium
18,24.8,-111.6,"674,904","3,949",2020,At Low Risk,303706.8324,Medium
18,24.8,-111.6,"689,482","4,028",2021,At Low Risk,310266.9,Medium
19,51.1,-114.3,"821,487","5,990",1985,Safe,82148.65245,Low
19,51.1,-114.3,"834,302","6,109",1986,Safe,83430.17142,Low
19,51.1,-114.3,"850,737","6,232",1987,Safe,593862.7912,High
19,51.1,-114.3,"863,839","6,356",1988,Safe,86383.88149,Low
19,51.1,-114.3,"878,697","6,483",1989,Safe,87869.68425,Low
19,51.1,-114.3,"898,204","6,613",1990,Safe,89820.39124,Low
19,51.1,-114.3,"919,851","6,745",1991,Safe,91985.06267,Low
19,51.1,-114.3,"936,040","6,880",1992,Safe,93603.99977,Low
19,51.1,-114.3,"950,174","7,018",1993,Safe,95017.42017,Low
19,51.1,-114.3,"967,942","7,158",1994,Safe,96794.24592,Low
19,51.1,-114.3,"989,431","7,301",1995,Safe,98943.07818,Low
19,51.1,-114.3,"1,005,657","7,447",1996,Safe,100565.7447,Low
19,51.1,-114.3,"1,023,156","7,596",1997,Safe,102315.5886,Low
19,51.1,-114.3,"1,047,712","7,748",1998,Safe,104771.1627,Low
19,51.1,-114.3,"1,071,390","7,903",1999,Safe,107138.991,Low
19,51.1,-114.3,"1,097,532","8,061",2000,Safe,109753.1824,Low
19,51.1,-114.3,"1,121,568","8,222",2001,Safe,112156.7771,Low
19,51.1,-114.3,"1,142,878","8,387",2002,Safe,114287.7559,Low
19,51.1,-114.3,"1,164,935","8,555",2003,Safe,116493.5096,Low
19,51.1,-114.3,"1,188,001","8,726",2004,Safe,118800.081,Low
19,51.1,-114.3,"1,210,098","8,900",2005,Safe,121009.7626,Low
19,51.1,-114.3,"1,234,300","9,078",2006,Safe,123429.9578,Low
19,51.1,-114.3,"1,253,678","9,260",2007,Safe,125367.8081,Low
19,51.1,-114.3,"1,274,991","9,445",2008,Safe,127499.0609,Low
19,51.1,-114.3,"1,300,745","9,634",2009,Safe,130074.5419,Low
19,51.1,-114.3,"1,328,581","9,826",2010,Safe,132858.1371,Low
19,51.1,-114.3,"1,355,684","10,023",2011,Safe,135568.4431,Low
19,51.1,-114.3,"1,385,916","10,223",2012,Safe,940557.4677,High
19,51.1,-114.3,"1,411,140","10,428",2013,Safe,141113.9869,Low
19,51.1,-114.3,"1,445,854","10,636",2014,Safe,857300.1385,Medium
19,51.1,-114.3,"1,479,542","10,849",2015,Safe,147954.2305,Low
19,51.1,-114.3,"1,511,796","11,066",2016,Safe,151179.6328,Low
19,51.1,-114.3,"1,547,021","11,288",2017,Safe,154702.1182,Low
19,51.1,-114.3,"1,576,105","11,513",2018,Safe,157610.518,Low
19,51.1,-114.3,"1,613,301","11,744",2019,Safe,161330.1263,Low
19,51.1,-114.3,"1,646,858","11,978",2020,Safe,164685.7929,Low
19,51.1,-114.3,"1,676,172","12,218",2021,Safe,817382.193,Medium
20,25,-77.4,"1,440,680","6,620",1985,At High Risk,1008475.97,High
20,25,-77.4,"1,469,061","6,753",1986,At High Risk,1028342.947,High
20,25,-77.4,"1,493,007","6,888",1987,At High Risk,1045104.937,High
20,25,-77.4,"1,526,003","7,026",1988,At High Risk,1068201.756,High
20,25,-77.4,"1,551,029","7,166",1989,At High Risk,1085720.264,High
20,25,-77.4,"1,586,392","7,309",1990,At High Risk,1110474.687,High
20,25,-77.4,"1,613,996","7,456",1991,At High Risk,1129796.946,High
20,25,-77.4,"1,648,374","7,605",1992,At High Risk,1153861.621,High
20,25,-77.4,"1,683,319","7,757",1993,At High Risk,1178323.487,High
20,25,-77.4,"1,721,362","7,912",1994,At High Risk,1204953.598,High
20,25,-77.4,"1,752,175","8,070",1995,At High Risk,1226522.268,High
20,25,-77.4,"1,789,321","8,232",1996,At High Risk,1252524.54,High
20,25,-77.4,"1,824,570","8,396",1997,At High Risk,1277199.273,High
20,25,-77.4,"1,859,785","8,564",1998,At High Risk,1301849.219,High
20,25,-77.4,"1,899,770","8,735",1999,At High Risk,1329838.977,High
20,25,-77.4,"1,944,795","8,910",2000,At High Risk,1361356.161,High
20,25,-77.4,"1,985,441","9,088",2001,At High Risk,1389808.505,High
20,25,-77.4,"2,022,568","9,270",2002,At High Risk,1415797.924,High
20,25,-77.4,"2,061,200","9,456",2003,At High Risk,1442839.664,High
20,25,-77.4,"2,103,866","9,645",2004,At High Risk,1472706.445,High
20,25,-77.4,"2,144,050","9,838",2005,At High Risk,1500835.138,High
20,25,-77.4,"2,178,569","10,034",2006,At High Risk,1524998.584,High
20,25,-77.4,"2,213,862","10,235",2007,At High Risk,1549703.561,High
20,25,-77.4,"2,266,774","10,440",2008,At High Risk,1586741.476,High
20,25,-77.4,"2,303,042","10,649",2009,At High Risk,1612129.34,High
20,25,-77.4,"2,347,951","10,861",2010,At High Risk,1643565.862,High
20,25,-77.4,"2,385,988","11,079",2011,At High Risk,1670191.629,High
20,25,-77.4,"2,422,016","11,300",2012,At High Risk,1695411.523,High
20,25,-77.4,"2,470,457","11,526",2013,At High Risk,1729319.753,High
20,25,-77.4,"2,516,654","11,757",2014,At High Risk,1761658.032,High
20,25,-77.4,"2,557,927","11,992",2015,At High Risk,1790549.224,High
20,25,-77.4,"2,596,808","12,232",2016,At High Risk,1817765.572,High
20,25,-77.4,"2,644,849","12,476",2017,At High Risk,1851394.235,High
20,25,-77.4,"2,697,746","12,726",2018,At High Risk,1888422.12,High
20,25,-77.4,"2,739,021","12,980",2019,At High Risk,1917314.979,High
20,25,-77.4,"2,796,815","13,240",2020,At High Risk,1957770.325,High
20,25,-77.4,"2,851,912","13,505",2021,At High Risk,1996338.4,High
21,35.6,-87,"1,559,810","11,375",1985,At High Risk,1091867.146,High
21,35.6,-87,"1,598,182","11,602",1986,At High Risk,1118727.078,High
21,35.6,-87,"1,636,058","11,834",1987,At High Risk,1145240.91,High
21,35.6,-87,"1,670,579","12,071",1988,At High Risk,1169405.493,High
21,35.6,-87,"1,705,996","12,312",1989,At High Risk,1194196.889,High
21,35.6,-87,"1,740,115","12,559",1990,At High Risk,1218080.827,High
21,35.6,-87,"1,767,609","12,810",1991,At High Risk,1237326.504,High
21,35.6,-87,"1,801,547","13,066",1992,At High Risk,1261083.173,High
21,35.6,-87,"1,833,795","13,327",1993,At High Risk,1283656.562,High
21,35.6,-87,"1,878,906","13,594",1994,At High Risk,1315234.513,High
21,35.6,-87,"1,920,430","13,866",1995,At High Risk,1344301.196,High
21,35.6,-87,"1,949,429","14,143",1996,At High Risk,1364600.144,High
21,35.6,-87,"1,978,670","14,426",1997,At High Risk,1385069.146,High
21,35.6,-87,"2,025,169","14,714",1998,At High Risk,1417618.271,High
21,35.6,-87,"2,062,230","15,009",1999,At High Risk,1443560.686,High
21,35.6,-87,"2,112,754","15,309",2000,At High Risk,1478927.922,High
21,35.6,-87,"2,146,981","15,615",2001,At High Risk,1502886.555,High
21,35.6,-87,"2,198,938","15,927",2002,At High Risk,1539256.409,High
21,35.6,-87,"2,250,613","16,246",2003,At High Risk,1575428.935,High
21,35.6,-87,"2,293,599","16,571",2004,At High Risk,1605519.628,High
21,35.6,-87,"2,337,866","16,902",2005,At High Risk,1636506.156,High
21,35.6,-87,"2,396,079","17,240",2006,At High Risk,1677255.16,High
21,35.6,-87,"2,435,374","17,585",2007,At High Risk,1704762.144,High
21,35.6,-87,"2,476,289","17,937",2008,At High Risk,1733402.148,High
21,35.6,-87,"2,515,167","18,295",2009,At High Risk,1760616.562,High
21,35.6,-87,"2,557,421","18,661",2010,At High Risk,1790194.92,High
21,35.6,-87,"2,618,799","19,035",2011,At High Risk,1833159.598,High
21,35.6,-87,"2,664,628","19,415",2012,At High Risk,1865239.891,High
21,35.6,-87,"2,714,457","19,804",2013,At High Risk,1900119.877,High
21,35.6,-87,"2,756,802","20,200",2014,At High Risk,1929761.747,High
21,35.6,-87,"2,814,971","20,604",2015,At High Risk,1970479.72,High
21,35.6,-87,"2,885,345","21,016",2016,At High Risk,2019741.713,High
21,35.6,-87,"2,932,088","21,436",2017,At High Risk,2052461.529,High
21,35.6,-87,"2,988,091","21,865",2018,At High Risk,2091663.544,High
21,35.6,-87,"3,037,992","22,302",2019,At High Risk,2126594.326,High
21,35.6,-87,"3,087,815","22,748",2020,At High Risk,2161470.472,High
21,35.6,-87,"3,137,220","23,203",2021,At High Risk,2196054,High
22,39.4,-94.8,"2,444,891","8,428",1985,At Low Risk,1100200.73,Medium
22,39.4,-94.8,"2,489,876","8,596",1986,At Low Risk,1120444.423,Medium
22,39.4,-94.8,"2,536,935","8,768",1987,At Low Risk,1141620.823,Medium
22,39.4,-94.8,"2,596,046","8,944",1988,At Low Risk,1168220.588,Medium
22,39.4,-94.8,"2,648,486","9,123",1989,At Low Risk,1191818.644,Medium
22,39.4,-94.8,"2,701,985","9,305",1990,At Low Risk,1215893.38,Medium
22,39.4,-94.8,"2,766,022","9,491",1991,At Low Risk,1244710.053,Medium
22,39.4,-94.8,"2,827,705","9,681",1992,At Low Risk,1272467.087,Medium
22,39.4,-94.8,"2,889,631","9,875",1993,At Low Risk,1300334.117,Medium
22,39.4,-94.8,"2,960,427","10,072",1994,At Low Risk,1332192.303,Medium
22,39.4,-94.8,"3,031,182","10,274",1995,At Low Risk,1364031.699,Medium
22,39.4,-94.8,"3,088,168","10,479",1996,At Low Risk,1389675.495,Medium
22,39.4,-94.8,"3,144,372","10,689",1997,At Low Risk,1414967.589,Medium
22,39.4,-94.8,"3,201,600","10,902",1998,At Low Risk,1440719.999,Medium
22,39.4,-94.8,"3,249,624","11,120",1999,At Low Risk,1462330.799,Medium
22,39.4,-94.8,"3,322,741","11,343",2000,At Low Risk,1495233.242,Medium
22,39.4,-94.8,"3,378,895","11,570",2001,At Low Risk,1520502.683,Medium
22,39.4,-94.8,"3,437,688","11,801",2002,At Low Risk,1546959.43,Medium
22,39.4,-94.8,"3,506,098","12,037",2003,At Low Risk,1577743.923,Medium
22,39.4,-94.8,"3,574,467","12,278",2004,At Low Risk,1608509.929,Medium
22,39.4,-94.8,"3,654,535","12,523",2005,At Low Risk,1644540.552,Medium
22,39.4,-94.8,"3,734,569","12,774",2006,At Low Risk,1680555.99,Medium
22,39.4,-94.8,"3,809,260","13,029",2007,At Low Risk,1714167.109,Medium
22,39.4,-94.8,"3,901,063","13,290",2008,At Low Risk,1755478.537,Medium
22,39.4,-94.8,"3,967,381","13,556",2009,At Low Risk,1785321.672,Medium
22,39.4,-94.8,"4,031,653","13,827",2010,At Low Risk,1814243.883,Medium
22,39.4,-94.8,"4,094,547","14,103",2011,At Low Risk,1842546.088,Medium
22,39.4,-94.8,"4,162,516","14,385",2012,At Low Risk,1873132.353,Medium
22,39.4,-94.8,"4,265,330","14,673",2013,At Low Risk,1919398.722,Medium
22,39.4,-94.8,"4,336,562","14,967",2014,At Low Risk,1951452.68,Medium
22,39.4,-94.8,"4,444,108","15,266",2015,At Low Risk,1999848.707,Medium
22,39.4,-94.8,"4,523,658","15,571",2016,At Low Risk,2035645.999,Medium
22,39.4,-94.8,"4,603,727","15,883",2017,At Low Risk,2071676.933,Medium
22,39.4,-94.8,"4,715,137","16,200",2018,At Low Risk,2121811.515,Medium
22,39.4,-94.8,"4,791,522","16,524",2019,At Low Risk,2156184.861,Medium
22,39.4,-94.8,"4,902,206","16,855",2020,At Low Risk,2205992.732,Medium
22,39.4,-94.8,"4,990,936","17,192",2021,At Low Risk,2245921.2,Medium
23,4.8,-52.5,"465,761","4,290",1985,At Low Risk,209592.5275,Medium
23,4.8,-52.5,"473,400","4,375",1986,At Low Risk,301457.5926,Medium
23,4.8,-52.5,"483,625","4,463",1987,At Low Risk,437800.43,High
23,4.8,-52.5,"494,216","4,552",1988,At Low Risk,222397.4148,Medium
23,4.8,-52.5,"502,223","4,643",1989,At Low Risk,226000.2529,Medium
23,4.8,-52.5,"511,665","4,736",1990,At Low Risk,230249.0577,Medium
23,4.8,-52.5,"522,870","4,831",1991,At Low Risk,455049.6307,High
23,4.8,-52.5,"533,380","4,927",1992,At Low Risk,240020.8714,Medium
23,4.8,-52.5,"542,501","5,026",1993,At Low Risk,244125.2283,Medium
23,4.8,-52.5,"553,785","5,126",1994,At Low Risk,302454.7368,Medium
23,4.8,-52.5,"564,140","5,229",1995,At Low Risk,253863.1298,Medium
23,4.8,-52.5,"575,028","5,333",1996,At Low Risk,258762.6882,Medium
23,4.8,-52.5,"585,206","5,440",1997,At Low Risk,263342.7878,Medium
23,4.8,-52.5,"594,745","5,549",1998,At Low Risk,267635.2752,Medium
23,4.8,-52.5,"607,770","5,660",1999,At Low Risk,273496.4878,Medium
23,4.8,-52.5,"620,412","5,773",2000,At Low Risk,517270.1519,High
23,4.8,-52.5,"629,718","5,889",2001,At Low Risk,283372.9929,Medium
23,4.8,-52.5,"644,894","6,006",2002,At Low Risk,290202.2821,Medium
23,4.8,-52.5,"656,438","6,126",2003,At Low Risk,295396.9029,Medium
23,4.8,-52.5,"670,354","6,249",2004,At Low Risk,301659.3172,Medium
23,4.8,-52.5,"684,499","6,374",2005,At Low Risk,308024.3288,Medium
23,4.8,-52.5,"701,200","6,501",2006,At Low Risk,315540.1225,Medium
23,4.8,-52.5,"712,630","6,631",2007,At Low Risk,320683.4265,Medium
23,4.8,-52.5,"725,885","6,764",2008,At Low Risk,326648.1382,Medium
23,4.8,-52.5,"736,773","6,899",2009,At Low Risk,331547.8603,Medium
23,4.8,-52.5,"754,308","7,037",2010,At Low Risk,339438.6993,Medium
23,4.8,-52.5,"772,185","7,178",2011,At Low Risk,414895.8943,Medium
23,4.8,-52.5,"788,942","7,322",2012,At Low Risk,355023.7862,Medium
23,4.8,-52.5,"802,117","7,468",2013,At Low Risk,360952.6834,Medium
23,4.8,-52.5,"819,443","7,617",2014,At Low Risk,368749.2614,Medium
23,4.8,-52.5,"839,027","7,770",2015,At Low Risk,377562.3688,Medium
23,4.8,-52.5,"855,808","7,925",2016,At Low Risk,385113.6161,Medium
23,4.8,-52.5,"876,775","8,084",2017,At Low Risk,394548.8997,Medium
23,4.8,-52.5,"892,645","8,245",2018,At Low Risk,401690.2348,Medium
23,4.8,-52.5,"912,283","8,410",2019,At Low Risk,410527.42,Medium
23,4.8,-52.5,"930,985","8,579",2020,At Low Risk,418943.2321,Medium
23,4.8,-52.5,"947,091","8,750",2021,At Low Risk,426190.95,Medium
24,15,-83.7,"200,943","1,337",1985,At High Risk,140659.9508,High
24,15,-83.7,"204,278","1,363",1986,At High Risk,142994.9059,High
24,15,-83.7,"208,773","1,391",1987,At High Risk,146140.7939,High
24,15,-83.7,"212,990","1,419",1988,At High Risk,149092.8379,High
24,15,-83.7,"216,589","1,447",1989,At High Risk,151612.5069,High
24,15,-83.7,"220,076","1,476",1990,At High Risk,154053.4682,High
24,15,-83.7,"223,664","1,505",1991,At High Risk,156564.5398,High
24,15,-83.7,"228,786","1,535",1992,At High Risk,160149.8677,High
24,15,-83.7,"233,544","1,566",1993,At High Risk,163480.985,High
24,15,-83.7,"238,332","1,598",1994,At High Risk,166832.3452,High
24,15,-83.7,"242,884","1,629",1995,At High Risk,170018.843,High
24,15,-83.7,"247,815","1,662",1996,At High Risk,173470.2255,High
24,15,-83.7,"253,192","1,695",1997,At High Risk,177234.5294,High
24,15,-83.7,"258,940","1,729",1998,At High Risk,181257.7532,High
24,15,-83.7,"263,704","1,764",1999,At High Risk,184592.8958,High
24,15,-83.7,"269,479","1,799",2000,At High Risk,188635.4803,High
24,15,-83.7,"274,545","1,835",2001,At High Risk,192181.8273,High
24,15,-83.7,"278,938","1,872",2002,At High Risk,195256.7365,High
24,15,-83.7,"284,182","1,909",2003,At High Risk,198927.5632,High
24,15,-83.7,"290,406","1,947",2004,At High Risk,203284.0768,High
24,15,-83.7,"295,517","1,986",2005,At High Risk,206861.8766,High
24,15,-83.7,"301,043","2,026",2006,At High Risk,210730.1936,High
24,15,-83.7,"307,847","2,067",2007,At High Risk,215492.696,High
24,15,-83.7,"313,080","2,108",2008,At High Risk,219156.0719,High
24,15,-83.7,"319,373","2,150",2009,At High Risk,223561.1089,High
24,15,-83.7,"324,291","2,193",2010,At High Risk,227003.95,High
24,15,-83.7,"332,139","2,237",2011,At High Risk,232497.4456,High
24,15,-83.7,"338,948","2,282",2012,At High Risk,237263.6432,High
24,15,-83.7,"344,100","2,327",2013,At High Risk,240870.0506,High
24,15,-83.7,"351,739","2,374",2014,At High Risk,246217.3657,High
24,15,-83.7,"358,985","2,421",2015,At High Risk,251289.4434,High
24,15,-83.7,"366,811","2,470",2016,At High Risk,256767.5533,High
24,15,-83.7,"374,844","2,519",2017,At High Risk,262390.7627,High
24,15,-83.7,"382,491","2,570",2018,At High Risk,267743.5343,High
24,15,-83.7,"389,988","2,621",2019,At High Risk,272991.3075,High
24,15,-83.7,"399,035","2,673",2020,At High Risk,279324.7059,High
24,15,-83.7,"407,016","2,727",2021,At High Risk,284911.2,High
25,35.4,-90.9,"2,173,623","17,796",1985,At High Risk,1521536.345,High
25,35.4,-90.9,"2,209,053","18,152",1986,At High Risk,1546337.387,High
25,35.4,-90.9,"2,261,408","18,515",1987,At High Risk,1582985.583,High
25,35.4,-90.9,"2,309,124","18,885",1988,At High Risk,1616386.579,High
25,35.4,-90.9,"2,344,453","19,263",1989,At High Risk,1641117.294,High
25,35.4,-90.9,"2,398,376","19,648",1990,At High Risk,1678862.991,High
25,35.4,-90.9,"2,442,506","20,041",1991,At High Risk,1709754.07,High
25,35.4,-90.9,"2,499,416","20,442",1992,At High Risk,1864290.517,High
25,35.4,-90.9,"2,560,152","20,851",1993,At High Risk,1792106.41,High
25,35.4,-90.9,"2,607,771","21,268",1994,At High Risk,1825439.589,High
25,35.4,-90.9,"2,650,538","21,693",1995,At High Risk,1855376.798,High
25,35.4,-90.9,"2,695,067","22,127",1996,At High Risk,1886547.128,High
25,35.4,-90.9,"2,743,309","22,569",1997,At High Risk,1920316.322,High
25,35.4,-90.9,"2,795,981","23,021",1998,At High Risk,1957186.395,High
25,35.4,-90.9,"2,855,815","23,481",1999,At High Risk,1999070.184,High
25,35.4,-90.9,"2,902,364","23,951",2000,At High Risk,2031655.028,High
25,35.4,-90.9,"2,955,187","24,430",2001,At High Risk,2068631.15,High
25,35.4,-90.9,"3,026,112","24,918",2002,At High Risk,2118278.297,High
25,35.4,-90.9,"3,091,778","25,417",2003,At High Risk,2164244.936,High
25,35.4,-90.9,"3,168,764","25,925",2004,At High Risk,2218134.635,High
25,35.4,-90.9,"3,243,547","26,444",2005,At High Risk,2270482.613,High
25,35.4,-90.9,"3,298,687","26,972",2006,At High Risk,2309080.817,High
25,35.4,-90.9,"3,352,126","27,512",2007,At High Risk,2346487.926,High
25,35.4,-90.9,"3,412,464","28,062",2008,At High Risk,2388724.709,High
25,35.4,-90.9,"3,495,728","28,623",2009,At High Risk,2447009.592,High
25,35.4,-90.9,"3,557,952","29,196",2010,At High Risk,2490566.363,High
25,35.4,-90.9,"3,632,669","29,780",2011,At High Risk,2542868.256,High
25,35.4,-90.9,"3,720,943","30,375",2012,At High Risk,2604659.955,High
25,35.4,-90.9,"3,813,966","30,983",2013,At High Risk,2669776.454,High
25,35.4,-90.9,"3,892,534","31,603",2014,At High Risk,2724773.849,High
25,35.4,-90.9,"3,964,157","32,235",2015,At High Risk,2774909.688,High
25,35.4,-90.9,"4,045,818","32,879",2016,At High Risk,2832072.827,High
25,35.4,-90.9,"4,108,529","33,537",2017,At High Risk,2875969.956,High
25,35.4,-90.9,"4,211,242","34,208",2018,At High Risk,2947869.205,High
25,35.4,-90.9,"4,288,307","34,892",2019,At High Risk,3001815.211,High
25,35.4,-90.9,"4,380,506","35,590",2020,At High Risk,3066354.238,High
25,35.4,-90.9,"4,449,280","36,301",2021,At High Risk,3114496,High
26,39.7,-86.1,"679,009","7,200",1985,At High Risk,475306.3042,High
26,39.7,-86.1,"690,348","7,344",1986,At High Risk,483243.9195,High
26,39.7,-86.1,"703,051","7,491",1987,At High Risk,492135.6076,High
26,39.7,-86.1,"716,549","7,641",1988,At High Risk,501584.6113,High
26,39.7,-86.1,"728,158","7,794",1989,At High Risk,509710.282,High
26,39.7,-86.1,"746,289","7,949",1990,At High Risk,522402.068,High
26,39.7,-86.1,"758,453","8,108",1991,At High Risk,530917.2218,High
26,39.7,-86.1,"773,243","8,271",1992,At High Risk,541270.1076,High
26,39.7,-86.1,"790,873","8,436",1993,At High Risk,553611.066,High
26,39.7,-86.1,"807,798","8,605",1994,At High Risk,565458.3428,High
26,39.7,-86.1,"821,611","8,777",1995,At High Risk,575127.6805,High
26,39.7,-86.1,"837,386","8,952",1996,At High Risk,586170.132,High
26,39.7,-86.1,"850,700","9,131",1997,At High Risk,595490.2371,High
26,39.7,-86.1,"868,565","9,314",1998,At High Risk,642667.3238,High
26,39.7,-86.1,"883,939","9,500",1999,At High Risk,618757.053,High
26,39.7,-86.1,"900,733","9,690",2000,At High Risk,630513.437,High
26,39.7,-86.1,"922,982","9,884",2001,At High Risk,646087.1189,High
26,39.7,-86.1,"937,842","10,082",2002,At High Risk,656489.1215,High
26,39.7,-86.1,"954,348","10,283",2003,At High Risk,668043.33,High
26,39.7,-86.1,"975,439","10,489",2004,At High Risk,682807.0876,High
26,39.7,-86.1,"997,776","10,699",2005,At High Risk,698443.3699,High
26,39.7,-86.1,"1,019,428","10,913",2006,At High Risk,713599.591,High
26,39.7,-86.1,"1,041,448","11,131",2007,At High Risk,729013.3422,High
26,39.7,-86.1,"1,061,964","11,354",2008,At High Risk,743374.905,High
26,39.7,-86.1,"1,084,372","11,581",2009,At High Risk,759060.1155,High
26,39.7,-86.1,"1,107,360","11,812",2010,At High Risk,775152.19,High
26,39.7,-86.1,"1,130,615","12,049",2011,At High Risk,791430.386,High
26,39.7,-86.1,"1,154,810","12,290",2012,At High Risk,808366.9962,High
26,39.7,-86.1,"1,176,751","12,535",2013,At High Risk,823725.9692,High
26,39.7,-86.1,"1,197,109","12,786",2014,At High Risk,837976.4284,High
26,39.7,-86.1,"1,223,565","13,042",2015,At High Risk,856495.7075,High
26,39.7,-86.1,"1,244,244","13,303",2016,At High Risk,870970.485,High
26,39.7,-86.1,"1,273,608","13,569",2017,At High Risk,891525.3884,High
26,39.7,-86.1,"1,303,920","13,840",2018,At High Risk,912743.6927,High
26,39.7,-86.1,"1,329,607","14,117",2019,At High Risk,930724.7434,High
26,39.7,-86.1,"1,360,587","14,399",2020,At High Risk,952410.6299,High
26,39.7,-86.1,"1,382,356","14,687",2021,At High Risk,967649.2,High
27,33,-93.6,"730,268","7,452",1985,At High Risk,511187.3015,High
27,33,-93.6,"745,530","7,601",1986,At High Risk,521871.1161,High
27,33,-93.6,"763,348","7,753",1987,At High Risk,534343.8358,High
27,33,-93.6,"775,791","7,908",1988,At High Risk,543053.6403,High
27,33,-93.6,"789,678","8,066",1989,At High Risk,552774.3004,High
27,33,-93.6,"809,025","8,227",1990,At High Risk,566317.2708,High
27,33,-93.6,"827,794","8,392",1991,At High Risk,579455.8315,High
27,33,-93.6,"848,241","8,560",1992,At High Risk,593768.3905,High
27,33,-93.6,"866,308","8,731",1993,At High Risk,606415.6572,High
27,33,-93.6,"882,681","8,905",1994,At High Risk,617876.9132,High
27,33,-93.6,"901,924","9,084",1995,At High Risk,631346.6299,High
27,33,-93.6,"917,527","9,265",1996,At High Risk,642268.9266,High
27,33,-93.6,"940,373","9,450",1997,At High Risk,658261.4228,High
27,33,-93.6,"963,225","9,639",1998,At High Risk,674257.1754,High
27,33,-93.6,"980,081","9,832",1999,At High Risk,686056.676,High
27,33,-93.6,"1,001,153","10,029",2000,At High Risk,700806.8945,High
27,33,-93.6,"1,016,170","10,230",2001,At High Risk,711318.9979,High
27,33,-93.6,"1,034,766","10,434",2002,At High Risk,724336.1356,High
27,33,-93.6,"1,052,357","10,643",2003,At High Risk,736649.8499,High
27,33,-93.6,"1,076,772","10,856",2004,At High Risk,753740.1264,High
27,33,-93.6,"1,094,861","11,073",2005,At High Risk,766402.9605,High
27,33,-93.6,"1,118,510","11,294",2006,At High Risk,782957.2645,High
27,33,-93.6,"1,145,690","11,520",2007,At High Risk,801983.126,High
27,33,-93.6,"1,168,260","11,750",2008,At High Risk,817782.1936,High
27,33,-93.6,"1,188,121","11,985",2009,At High Risk,831684.4909,High
27,33,-93.6,"1,212,834","12,225",2010,At High Risk,848983.5283,High
27,33,-93.6,"1,231,996","12,470",2011,At High Risk,862397.468,High
27,33,-93.6,"1,258,608","12,719",2012,At High Risk,881025.2534,High
27,33,-93.6,"1,283,276","12,973",2013,At High Risk,898293.3483,High
27,33,-93.6,"1,306,247","13,233",2014,At High Risk,914372.7993,High
27,33,-93.6,"1,335,768","13,498",2015,At High Risk,935037.6245,High
27,33,-93.6,"1,361,816","13,768",2016,At High Risk,953270.8582,High
27,33,-93.6,"1,386,873","14,043",2017,At High Risk,970811.042,High
27,33,-93.6,"1,420,990","14,324",2018,At High Risk,994692.9936,High
27,33,-93.6,"1,444,010","14,610",2019,At High Risk,1010807.02,High
27,33,-93.6,"1,467,547","14,902",2020,At High Risk,1027283.175,High
27,33,-93.6,"1,494,110","15,201",2021,At High Risk,1045877,High
28,37.9,-88.7,"1,027,351","6,967",1985,At High Risk,719145.5002,High
28,37.9,-88.7,"1,044,302","7,107",1986,At High Risk,731011.401,High
28,37.9,-88.7,"1,064,770","7,249",1987,At High Risk,745339.2245,High
28,37.9,-88.7,"1,082,552","7,394",1988,At High Risk,757786.3895,High
28,37.9,-88.7,"1,108,100","7,541",1989,At High Risk,775670.1483,High
28,37.9,-88.7,"1,125,830","7,692",1990,At High Risk,788080.8707,High
28,37.9,-88.7,"1,146,658","7,846",1991,At High Risk,802660.3668,High
28,37.9,-88.7,"1,166,495","8,003",1992,At High Risk,816546.3911,High
28,37.9,-88.7,"1,184,342","8,163",1993,At High Risk,829039.5509,High
28,37.9,-88.7,"1,209,213","8,326",1994,At High Risk,846449.3815,High
28,37.9,-88.7,"1,233,035","8,493",1995,At High Risk,863124.4343,High
28,37.9,-88.7,"1,257,326","8,663",1996,At High Risk,880127.9856,High
28,37.9,-88.7,"1,280,083","8,836",1997,At High Risk,896058.3022,High
28,37.9,-88.7,"1,307,349","9,013",1998,At High Risk,915144.344,High
28,37.9,-88.7,"1,332,319","9,193",1999,At High Risk,932623.601,High
28,37.9,-88.7,"1,355,369","9,377",2000,At High Risk,948757.9893,High
28,37.9,-88.7,"1,384,102","9,564",2001,At High Risk,968871.6587,High
28,37.9,-88.7,"1,407,078","9,756",2002,At High Risk,984954.9282,High
28,37.9,-88.7,"1,432,406","9,951",2003,At High Risk,1002684.117,High
28,37.9,-88.7,"1,467,930","10,150",2004,At High Risk,1027550.683,High
28,37.9,-88.7,"1,493,031","10,353",2005,At High Risk,1045121.8,High
28,37.9,-88.7,"1,530,357","10,560",2006,At High Risk,1071249.845,High
28,37.9,-88.7,"1,558,975","10,771",2007,At High Risk,1091282.217,High
28,37.9,-88.7,"1,583,918","10,987",2008,At High Risk,1108742.732,High
28,37.9,-88.7,"1,619,398","11,206",2009,At High Risk,1133578.569,High
28,37.9,-88.7,"1,649,357","11,430",2010,At High Risk,1154549.773,High
28,37.9,-88.7,"1,676,736","11,659",2011,At High Risk,1173715.299,High
28,37.9,-88.7,"1,710,439","11,892",2012,At High Risk,1197306.977,High
28,37.9,-88.7,"1,752,686","12,130",2013,At High Risk,1226880.459,High
28,37.9,-88.7,"1,793,524","12,373",2014,At High Risk,1255466.774,High
28,37.9,-88.7,"1,833,340","12,620",2015,At High Risk,1283338.136,High
28,37.9,-88.7,"1,863,774","12,872",2016,At High Risk,1304641.549,High
28,37.9,-88.7,"1,901,608","13,130",2017,At High Risk,1331125.773,High
28,37.9,-88.7,"1,948,198","13,393",2018,At High Risk,1363738.354,High
28,37.9,-88.7,"1,979,564","13,660",2019,At High Risk,1385694.542,High
28,37.9,-88.7,"2,011,039","13,934",2020,At High Risk,1407727.085,High
28,37.9,-88.7,"2,042,612","14,212",2021,At High Risk,1429828.4,High
29,25.9,-81.7,"334,510","2,488",1985,At High Risk,234157.2359,High
29,25.9,-81.7,"341,401","2,537",1986,At High Risk,238980.875,High
29,25.9,-81.7,"346,795","2,588",1987,At High Risk,242756.7728,High
29,25.9,-81.7,"353,905","2,640",1988,At High Risk,247733.2866,High
29,25.9,-81.7,"360,063","2,693",1989,At High Risk,252043.8458,High
29,25.9,-81.7,"366,976","2,747",1990,At High Risk,256883.0877,High
29,25.9,-81.7,"375,086","2,802",1991,At High Risk,262560.2039,High
29,25.9,-81.7,"382,663","2,858",1992,At High Risk,267863.92,High
29,25.9,-81.7,"389,283","2,915",1993,At High Risk,272497.9658,High
29,25.9,-81.7,"398,197","2,973",1994,At High Risk,278738.1692,High
29,25.9,-81.7,"406,122","3,032",1995,At High Risk,284285.0588,High
29,25.9,-81.7,"413,432","3,093",1996,At High Risk,289402.1899,High
29,25.9,-81.7,"420,915","3,155",1997,At High Risk,294640.3695,High
29,25.9,-81.7,"428,197","3,218",1998,At High Risk,299737.6479,High
29,25.9,-81.7,"435,733","3,282",1999,At High Risk,305013.0305,High
29,25.9,-81.7,"444,186","3,348",2000,At High Risk,310930.2833,High
29,25.9,-81.7,"451,515","3,415",2001,At High Risk,316060.633,High
29,25.9,-81.7,"458,649","3,483",2002,At High Risk,321054.391,High
29,25.9,-81.7,"467,455","3,553",2003,At High Risk,327218.6353,High
29,25.9,-81.7,"476,290","3,624",2004,At High Risk,333403.0675,High
29,25.9,-81.7,"487,197","3,697",2005,At High Risk,341037.9977,High
29,25.9,-81.7,"497,428","3,771",2006,At High Risk,348199.7957,High
29,25.9,-81.7,"505,934","3,846",2007,At High Risk,354154.0122,High
29,25.9,-81.7,"515,598","3,923",2008,At High Risk,360918.3538,High
29,25.9,-81.7,"525,600","4,001",2009,At High Risk,367920.1699,High
29,25.9,-81.7,"536,007","4,081",2010,At High Risk,376705.21,High
29,25.9,-81.7,"548,442","4,163",2011,At High Risk,383909.745,High
29,25.9,-81.7,"560,234","4,246",2012,At High Risk,392163.8045,High
29,25.9,-81.7,"571,719","4,331",2013,At High Risk,400203.1625,High
29,25.9,-81.7,"580,923","4,418",2014,At High Risk,406646.4334,High
29,25.9,-81.7,"594,749","4,506",2015,At High Risk,416324.6185,High
29,25.9,-81.7,"606,585","4,596",2016,At High Risk,424609.4784,High
29,25.9,-81.7,"616,958","4,688",2017,At High Risk,431870.3005,High
29,25.9,-81.7,"627,199","4,782",2018,At High Risk,439039.3475,High
29,25.9,-81.7,"640,370","4,878",2019,At High Risk,448259.1738,High
29,25.9,-81.7,"655,291","4,975",2020,At High Risk,458703.6126,High
29,25.9,-81.7,"665,710","5,075",2021,At High Risk,465997,High
30,19.5,-99.2,"119,945",700,1985,At High Risk,83961.20004,High
30,19.5,-99.2,"122,895",714,1986,At High Risk,86026.64556,High
30,19.5,-99.2,"125,132",729,1987,At High Risk,87592.33051,High
30,19.5,-99.2,"127,497",743,1988,At High Risk,89247.82556,High
30,19.5,-99.2,"129,473",758,1989,At High Risk,90631.16685,High
30,19.5,-99.2,"131,959",773,1990,At High Risk,92371.28526,High
30,19.5,-99.2,"134,176",789,1991,At High Risk,93923.12285,High
30,19.5,-99.2,"137,047",804,1992,At High Risk,95933.07768,High
30,19.5,-99.2,"139,226",821,1993,At High Risk,97458.41361,High
30,19.5,-99.2,"141,370",837,1994,At High Risk,98959.27318,High
30,19.5,-99.2,"144,438",854,1995,At High Risk,101106.6894,High
30,19.5,-99.2,"146,836",871,1996,At High Risk,102785.0605,High
30,19.5,-99.2,"149,376",888,1997,At High Risk,104563.242,High
30,19.5,-99.2,"151,960",906,1998,At High Risk,106372.1861,High
30,19.5,-99.2,"155,577",924,1999,At High Risk,108903.8441,High
30,19.5,-99.2,"158,066",943,2000,At High Risk,110646.3056,High
30,19.5,-99.2,"161,291",961,2001,At High Risk,112903.4903,High
30,19.5,-99.2,"164,339",981,2002,At High Risk,115037.3662,High
30,19.5,-99.2,"167,116","1,000",2003,At High Risk,116981.4977,High
30,19.5,-99.2,"169,957","1,020",2004,At High Risk,118970.1832,High
30,19.5,-99.2,"172,711","1,041",2005,At High Risk,120897.5001,High
30,19.5,-99.2,"175,681","1,061",2006,At High Risk,122976.9371,High
30,19.5,-99.2,"178,545","1,083",2007,At High Risk,124981.4612,High
30,19.5,-99.2,"182,830","1,104",2008,At High Risk,127981.0163,High
30,19.5,-99.2,"185,847","1,126",2009,At High Risk,130092.7031,High
30,19.5,-99.2,"188,950","1,149",2010,At High Risk,132265.2512,High
30,19.5,-99.2,"192,597","1,172",2011,At High Risk,134817.9705,High
30,19.5,-99.2,"196,988","1,195",2012,At High Risk,137891.8203,High
30,19.5,-99.2,"200,219","1,219",2013,At High Risk,140153.2461,High
30,19.5,-99.2,"204,203","1,244",2014,At High Risk,142942.2957,High
30,19.5,-99.2,"208,022","1,269",2015,At High Risk,145615.3167,High
30,19.5,-99.2,"211,829","1,294",2016,At High Risk,148280.0769,High
30,19.5,-99.2,"215,345","1,320",2017,At High Risk,150741.5262,High
30,19.5,-99.2,"219,264","1,346",2018,At High Risk,153485.022,High
30,19.5,-99.2,"222,619","1,373",2019,At High Risk,155833.3428,High
30,19.5,-99.2,"227,828","1,401",2020,At High Risk,159479.8431,High
30,19.5,-99.2,"232,271","1,429",2021,At High Risk,162589.7,High
31,-0.3,-79.3,"1,093,761","9,455",1985,Safe,109376.071,Low
31,-0.3,-79.3,"1,111,589","9,644",1986,Safe,111158.901,Low
31,-0.3,-79.3,"1,136,044","9,836",1987,Safe,113604.3968,Low
31,-0.3,-79.3,"1,162,059","10,033",1988,Safe,116205.9375,Low
31,-0.3,-79.3,"1,186,114","10,234",1989,Safe,118611.4004,Low
31,-0.3,-79.3,"1,206,871","10,439",1990,Safe,120687.0999,Low
31,-0.3,-79.3,"1,226,181","10,647",1991,Safe,122618.0935,Low
31,-0.3,-79.3,"1,254,874","10,860",1992,Safe,125487.3569,Low
31,-0.3,-79.3,"1,274,324","11,077",1993,Safe,879551.8744,High
31,-0.3,-79.3,"1,305,927","11,299",1994,Safe,130592.7347,Low
31,-0.3,-79.3,"1,333,221","11,525",1995,Safe,133322.1228,Low
31,-0.3,-79.3,"1,357,752","11,756",1996,Safe,135775.2499,Low
31,-0.3,-79.3,"1,382,464","11,991",1997,Safe,138246.3595,Low
31,-0.3,-79.3,"1,408,177","12,230",1998,Safe,140817.7417,Low
31,-0.3,-79.3,"1,441,833","12,475",1999,Safe,144183.2858,Low
31,-0.3,-79.3,"1,471,246","12,725",2000,Safe,147124.6248,Low
31,-0.3,-79.3,"1,497,140","12,979",2001,Safe,149714.0182,Low
31,-0.3,-79.3,"1,534,269","13,239",2002,Safe,153426.9258,Low
31,-0.3,-79.3,"1,561,119","13,503",2003,Safe,156111.8971,Low
31,-0.3,-79.3,"1,600,147","13,773",2004,Safe,160014.6945,Low
31,-0.3,-79.3,"1,638,070","14,049",2005,Safe,163807.0427,Low
31,-0.3,-79.3,"1,668,375","14,330",2006,Safe,166837.473,Low
31,-0.3,-79.3,"1,708,916","14,616",2007,Safe,170891.6236,Low
31,-0.3,-79.3,"1,743,265","14,909",2008,Safe,174326.5453,Low
31,-0.3,-79.3,"1,770,983","15,207",2009,Safe,177098.3373,Low
31,-0.3,-79.3,"1,807,111","15,511",2010,Safe,180711.1434,Low
31,-0.3,-79.3,"1,840,182","15,821",2011,Safe,1246723.843,High
31,-0.3,-79.3,"1,877,537","16,138",2012,Safe,187753.7259,Low
31,-0.3,-79.3,"1,914,525","16,461",2013,Safe,191452.4743,Low
31,-0.3,-79.3,"1,944,391","16,790",2014,Safe,194439.1329,Low
31,-0.3,-79.3,"1,989,890","17,126",2015,Safe,198989.0086,Low
31,-0.3,-79.3,"2,031,877","17,468",2016,Safe,203187.6767,Low
31,-0.3,-79.3,"2,069,670","17,817",2017,Safe,206966.9675,Low
31,-0.3,-79.3,"2,107,959","18,174",2018,Safe,210795.8564,Low
31,-0.3,-79.3,"2,147,588","18,537",2019,Safe,214758.8185,Low
31,-0.3,-79.3,"2,185,815","18,908",2020,Safe,218581.5255,Low
31,-0.3,-79.3,"2,226,690","19,286",2021,Safe,222669,Low
32,-9.3,-71.1,"140,220",502,1985,Safe,14021.97885,Low
32,-9.3,-71.1,"143,333",512,1986,Safe,14333.26678,Low
32,-9.3,-71.1,"145,941",522,1987,Safe,14594.13224,Low
32,-9.3,-71.1,"149,079",533,1988,Safe,14907.90608,Low
32,-9.3,-71.1,"151,405",543,1989,Safe,15140.46942,Low
32,-9.3,-71.1,"153,963",554,1990,Safe,15396.34335,Low
32,-9.3,-71.1,"156,781",565,1991,Safe,15678.09643,Low
32,-9.3,-71.1,"159,525",576,1992,Safe,15952.46312,Low
32,-9.3,-71.1,"162,699",588,1993,Safe,16269.91714,Low
32,-9.3,-71.1,"165,286",600,1994,Safe,16528.60882,Low
32,-9.3,-71.1,"169,319",612,1995,Safe,16931.90688,Low
32,-9.3,-71.1,"172,282",624,1996,Safe,17228.21525,Low
32,-9.3,-71.1,"175,487",636,1997,Safe,17548.66005,Low
32,-9.3,-71.1,"178,786",649,1998,Safe,17878.57486,Low
32,-9.3,-71.1,"181,646",662,1999,Safe,18164.63206,Low
32,-9.3,-71.1,"184,643",675,2000,Safe,18464.34849,Low
32,-9.3,-71.1,"188,004",689,2001,Safe,18800.39963,Low
32,-9.3,-71.1,"190,956",703,2002,Safe,47857.08561,Low
32,-9.3,-71.1,"194,049",717,2003,Safe,19404.91407,Low
32,-9.3,-71.1,"197,814",731,2004,Safe,19781.3694,Low
32,-9.3,-71.1,"200,900",746,2005,Safe,20089.95877,Low
32,-9.3,-71.1,"205,822",761,2006,Safe,20582.16276,Low
32,-9.3,-71.1,"209,218",776,2007,Safe,20921.76844,Low
32,-9.3,-71.1,"214,176",791,2008,Safe,21417.61435,Low
32,-9.3,-71.1,"217,710",807,2009,Safe,21771.00499,Low
32,-9.3,-71.1,"221,825",823,2010,Safe,22182.47698,Low
32,-9.3,-71.1,"226,150",840,2011,Safe,22615.03529,Low
32,-9.3,-71.1,"230,266",857,2012,Safe,23026.62893,Low
32,-9.3,-71.1,"235,839",874,2013,Safe,23583.87335,Low
32,-9.3,-71.1,"241,570",891,2014,Safe,24156.96147,Low
32,-9.3,-71.1,"245,845",909,2015,Safe,24584.53969,Low
32,-9.3,-71.1,"251,229",927,2016,Safe,25122.94111,Low
32,-9.3,-71.1,"256,957",946,2017,Safe,25695.74416,Low
32,-9.3,-71.1,"262,071",965,2018,Safe,26207.08947,Low
32,-9.3,-71.1,"268,361",984,2019,Safe,26836.05962,Low
32,-9.3,-71.1,"273,594","1,004",2020,Safe,27359.36278,Low
32,-9.3,-71.1,"279,941","1,024",2021,Safe,97667.658,Medium
33,-15.7,-61.7,"247,671",887,1985,Safe,24767.0855,Low
33,-15.7,-61.7,"253,664",904,1986,Safe,25366.44897,Low
33,-15.7,-61.7,"259,093",922,1987,Safe,25909.29098,Low
33,-15.7,-61.7,"264,793",941,1988,Safe,26479.29538,Low
33,-15.7,-61.7,"270,274",960,1989,Safe,27027.4168,Low
33,-15.7,-61.7,"276,193",979,1990,Safe,27619.31722,Low
33,-15.7,-61.7,"281,938",998,1991,Safe,71890.627,Low
33,-15.7,-61.7,"286,364","1,018",1992,Safe,28636.44167,Low
33,-15.7,-61.7,"292,550","1,039",1993,Safe,29254.98881,Low
33,-15.7,-61.7,"299,074","1,060",1994,Safe,29907.37506,Low
33,-15.7,-61.7,"305,324","1,081",1995,Safe,30532.4392,Low
33,-15.7,-61.7,"311,278","1,102",1996,Safe,31127.82176,Low
33,-15.7,-61.7,"317,877","1,124",1997,Safe,100188.6465,Low
33,-15.7,-61.7,"323,186","1,147",1998,Safe,32318.5867,Low
33,-15.7,-61.7,"330,231","1,170",1999,Safe,33023.13189,Low
33,-15.7,-61.7,"337,860","1,193",2000,Safe,33785.96624,Low
33,-15.7,-61.7,"343,029","1,217",2001,Safe,34302.89152,Low
33,-15.7,-61.7,"349,409","1,241",2002,Safe,34940.9253,Low
33,-15.7,-61.7,"357,306","1,266",2003,Safe,35730.59021,Low
33,-15.7,-61.7,"364,273","1,292",2004,Safe,36427.33672,Low
33,-15.7,-61.7,"371,705","1,317",2005,Safe,37170.45439,Low
33,-15.7,-61.7,"378,544","1,344",2006,Safe,37854.39075,Low
33,-15.7,-61.7,"386,266","1,371",2007,Safe,38626.62032,Low
33,-15.7,-61.7,"393,798","1,398",2008,Safe,39379.83942,Low
33,-15.7,-61.7,"402,541","1,426",2009,Safe,40254.07186,Low
33,-15.7,-61.7,"411,759","1,455",2010,Safe,41175.8901,Low
33,-15.7,-61.7,"419,788","1,484",2011,Safe,41978.81996,Low
33,-15.7,-61.7,"426,631","1,513",2012,Safe,42663.07472,Low
33,-15.7,-61.7,"434,651","1,544",2013,Safe,43465.14053,Low
33,-15.7,-61.7,"445,040","1,575",2014,Safe,44503.95739,Low
33,-15.7,-61.7,"453,362","1,606",2015,Safe,45336.18139,Low
33,-15.7,-61.7,"463,336","1,638",2016,Safe,46333.57738,Low
33,-15.7,-61.7,"474,178","1,671",2017,Safe,47417.78309,Low
33,-15.7,-61.7,"482,144","1,704",2018,Safe,48214.40185,Low
33,-15.7,-61.7,"491,932","1,738",2019,Safe,49193.1542,Low
33,-15.7,-61.7,"499,655","1,773",2020,Safe,49965.48673,Low
33,-15.7,-61.7,"508,149","1,809",2021,Safe,50814.9,Low
34,40.7,-73.9,"461,358","2,141",1985,At High Risk,322950.4292,High
34,40.7,-73.9,"469,339","2,184",1986,At High Risk,328537.4717,High
34,40.7,-73.9,"477,647","2,227",1987,At High Risk,334352.5849,High
34,40.7,-73.9,"487,582","2,272",1988,At High Risk,341307.1187,High
34,40.7,-73.9,"499,527","2,317",1989,At High Risk,349669.1431,High
34,40.7,-73.9,"510,917","2,364",1990,At High Risk,357641.5995,High
34,40.7,-73.9,"522,412","2,411",1991,At High Risk,365688.5355,High
34,40.7,-73.9,"533,383","2,459",1992,At High Risk,373367.9948,High
34,40.7,-73.9,"541,650","2,508",1993,At High Risk,379155.1987,High
34,40.7,-73.9,"550,642","2,558",1994,At High Risk,385449.175,High
34,40.7,-73.9,"560,333","2,610",1995,At High Risk,392233.0805,High
34,40.7,-73.9,"574,117","2,662",1996,At High Risk,401882.0142,High
34,40.7,-73.9,"582,729","2,715",1997,At High Risk,407910.2445,High
34,40.7,-73.9,"595,549","2,769",1998,At High Risk,416884.2698,High
34,40.7,-73.9,"609,902","2,825",1999,At High Risk,426931.1807,High
34,40.7,-73.9,"624,783","2,881",2000,At High Risk,437348.3016,High
34,40.7,-73.9,"635,342","2,939",2001,At High Risk,444739.4879,High
34,40.7,-73.9,"645,063","2,998",2002,At High Risk,451544.002,High
34,40.7,-73.9,"660,931","3,058",2003,At High Risk,462651.9845,High
34,40.7,-73.9,"673,093","3,119",2004,At High Risk,471164.781,High
34,40.7,-73.9,"685,477","3,181",2005,At High Risk,479834.2129,High
34,40.7,-73.9,"700,489","3,245",2006,At High Risk,490342.5822,High
34,40.7,-73.9,"713,308","3,310",2007,At High Risk,499315.8515,High
34,40.7,-73.9,"726,576","3,376",2008,At High Risk,508603.1263,High
34,40.7,-73.9,"738,201","3,443",2009,At High Risk,516740.7763,High
34,40.7,-73.9,"749,496","3,512",2010,At High Risk,524646.9102,High
34,40.7,-73.9,"767,783","3,582",2011,At High Risk,537448.2948,High
34,40.7,-73.9,"779,607","3,654",2012,At High Risk,545724.9986,High
34,40.7,-73.9,"798,630","3,727",2013,At High Risk,559040.6885,High
34,40.7,-73.9,"816,998","3,802",2014,At High Risk,571898.6244,High
34,40.7,-73.9,"829,743","3,878",2015,At High Risk,580820.2429,High
34,40.7,-73.9,"847,251","3,955",2016,At High Risk,593075.55,High
34,40.7,-73.9,"864,196","4,034",2017,At High Risk,604937.061,High
34,40.7,-73.9,"885,541","4,115",2018,At High Risk,619879.0064,High
34,40.7,-73.9,"903,075","4,197",2019,At High Risk,632152.6108,High
34,40.7,-73.9,"917,795","4,281",2020,At High Risk,642456.6983,High
34,40.7,-73.9,"937,895","4,367",2021,At High Risk,656526.5,High
35,44.3,-68,"168,737","1,497",1985,At High Risk,118115.9878,High
35,44.3,-68,"172,230","1,527",1986,At High Risk,120560.9887,High
35,44.3,-68,"175,037","1,557",1987,At High Risk,122526.1328,High
35,44.3,-68,"179,011","1,588",1988,At High Risk,125307.4761,High
35,44.3,-68,"182,197","1,620",1989,At High Risk,127537.9491,High
35,44.3,-68,"186,588","1,653",1990,At High Risk,130611.6137,High
35,44.3,-68,"190,917","1,686",1991,At High Risk,133641.8032,High
35,44.3,-68,"195,022","1,719",1992,At High Risk,136515.1019,High
35,44.3,-68,"199,683","1,754",1993,At High Risk,139777.8129,High
35,44.3,-68,"203,576","1,789",1994,At High Risk,142503.4802,High
35,44.3,-68,"208,116","1,825",1995,At High Risk,145681.3078,High
35,44.3,-68,"211,592","1,861",1996,At High Risk,148114.1857,High
35,44.3,-68,"215,993","1,898",1997,At High Risk,151194.9607,High
35,44.3,-68,"220,356","1,936",1998,At High Risk,154249.0989,High
35,44.3,-68,"225,204","1,975",1999,At High Risk,157642.5791,High
35,44.3,-68,"230,271","2,015",2000,At High Risk,161189.5371,High
35,44.3,-68,"234,485","2,055",2001,At High Risk,164139.3057,High
35,44.3,-68,"240,276","2,096",2002,At High Risk,168193.5465,High
35,44.3,-68,"246,139","2,138",2003,At High Risk,172297.469,High
35,44.3,-68,"251,727","2,181",2004,At High Risk,176208.6216,High
35,44.3,-68,"255,754","2,224",2005,At High Risk,179027.9595,High
35,44.3,-68,"259,770","2,269",2006,At High Risk,181838.6985,High
35,44.3,-68,"263,692","2,314",2007,At High Risk,184584.4628,High
35,44.3,-68,"269,467","2,360",2008,At High Risk,188626.8626,High
35,44.3,-68,"275,314","2,408",2009,At High Risk,192720.0655,High
35,44.3,-68,"281,096","2,456",2010,At High Risk,196767.1869,High
35,44.3,-68,"287,842","2,505",2011,At High Risk,201489.5994,High
35,44.3,-68,"293,167","2,555",2012,At High Risk,205217.157,High
35,44.3,-68,"299,412","2,606",2013,At High Risk,209588.2824,High
35,44.3,-68,"306,628","2,658",2014,At High Risk,214639.36,High
35,44.3,-68,"311,534","2,711",2015,At High Risk,218073.5898,High
35,44.3,-68,"317,889","2,766",2016,At High Risk,222522.291,High
35,44.3,-68,"324,247","2,821",2017,At High Risk,226972.7368,High
35,44.3,-68,"330,667","2,877",2018,At High Risk,231466.797,High
35,44.3,-68,"338,801","2,935",2019,At High Risk,237160.8802,High
35,44.3,-68,"346,153","2,993",2020,At High Risk,242307.2713,High
35,44.3,-68,"354,184","3,053",2021,At High Risk,247928.8,High